<profile>

<section name = "Vitis HLS Report for 'cnn_accelerator_Pipeline_VITIS_LOOP_40_2_VITIS_LOOP_41_3'" level="0">
<item name = "Date">Thu Feb 12 02:54:27 2026
</item>
<item name = "Version">2025.1 (Build 6135595 on May 21 2025)</item>
<item name = "Project">cnn</item>
<item name = "Solution">hls (Vivado IP Flow Target)</item>
<item name = "Product family">zynq</item>
<item name = "Target device">xc7z020-clg484-1</item>
</section>

<section name = "Performance Estimates" level="0">
<item name = "Timing">
<section name = "" level="1">
<item name = "Summary"><table name="" hasTotal="0">
<keys size="4">Clock, Target, Estimated, Uncertainty</keys>
<column name="ap_clk">10.00 ns, 7.300 ns, 2.70 ns</column>
</table>
</item>
</section>
</item>
<item name = "Latency">
<section name = "" level="1">
<item name = "Summary"><table name="" hasTotal="0">
<keys size="8">, min, max, min, max, min, max, Type</keys>
<column name="">1047, 1047, 10.470 us, 10.470 us, 1040, 1040, loop auto-rewind stp (delay=0 clock cycles(s))</column>
</table>
</item>
<item name = "Detail">
<section name = "" level="1">
<item name = "Instance"><table name="" hasTotal="0">
<keys size="9">Instance, Module, min, max, min, max, min, max, Type</keys>
</table>
</item>
<item name = "Loop"><table name="" hasTotal="0">
<keys size="8">Loop Name, min, max, Latency, achieved, target, Count, Pipelined</keys>
<column name="- VITIS_LOOP_40_2_VITIS_LOOP_41_3">1045, 1045, 38, 16, 1, 64, yes</column>
</table>
</item>
</section>
</item>
</section>
</item>
</section>

<section name = "Utilization Estimates" level="0">
<item name = "Summary"><table name="" hasTotal="1">
<keys size="6">Name, BRAM_18K, DSP, FF, LUT, URAM</keys>
<column name="DSP">-, -, -, -, -</column>
<column name="Expression">-, -, 0, 4211, -</column>
<column name="FIFO">-, -, -, -, -</column>
<column name="Instance">-, 0, 165, 1250, -</column>
<column name="Memory">-, -, -, -, -</column>
<column name="Multiplexer">-, -, 0, 770, -</column>
<column name="Register">-, -, 3240, 96, -</column>
<specialColumn name="Available">280, 220, 106400, 53200, 0</specialColumn>
<specialColumn name="Utilization (%)">0, 0, 3, 11, 0</specialColumn>
</table>
</item>
<item name = "Detail">
<section name = "" level="1">
<item name = "Instance"><table name="" hasTotal="1">
<keys size="7">Instance, Module, BRAM_18K, DSP, FF, LUT, URAM</keys>
<column name="mul_2s_2s_2_1_1_U2">mul_2s_2s_2_1_1, 0, 0, 0, 8, 0</column>
<column name="mul_2s_2s_2_1_1_U6">mul_2s_2s_2_1_1, 0, 0, 0, 8, 0</column>
<column name="mul_2s_2s_2_1_1_U10">mul_2s_2s_2_1_1, 0, 0, 0, 8, 0</column>
<column name="mul_2s_2s_2_1_1_U14">mul_2s_2s_2_1_1, 0, 0, 0, 8, 0</column>
<column name="mul_2s_2s_2_1_1_U18">mul_2s_2s_2_1_1, 0, 0, 0, 8, 0</column>
<column name="mul_2s_2s_2_1_1_U22">mul_2s_2s_2_1_1, 0, 0, 0, 8, 0</column>
<column name="mul_2s_2s_2_1_1_U26">mul_2s_2s_2_1_1, 0, 0, 0, 8, 0</column>
<column name="mul_2s_2s_2_1_1_U30">mul_2s_2s_2_1_1, 0, 0, 0, 8, 0</column>
<column name="mul_2s_2s_2_1_1_U34">mul_2s_2s_2_1_1, 0, 0, 0, 8, 0</column>
<column name="mul_2s_2s_2_1_1_U38">mul_2s_2s_2_1_1, 0, 0, 0, 8, 0</column>
<column name="mul_2s_2s_2_1_1_U42">mul_2s_2s_2_1_1, 0, 0, 0, 8, 0</column>
<column name="mul_2s_2s_2_1_1_U46">mul_2s_2s_2_1_1, 0, 0, 0, 8, 0</column>
<column name="mul_2s_2s_2_1_1_U50">mul_2s_2s_2_1_1, 0, 0, 0, 8, 0</column>
<column name="mul_2s_2s_2_1_1_U54">mul_2s_2s_2_1_1, 0, 0, 0, 8, 0</column>
<column name="mul_2s_2s_2_1_1_U58">mul_2s_2s_2_1_1, 0, 0, 0, 8, 0</column>
<column name="mul_2s_2s_2_1_1_U62">mul_2s_2s_2_1_1, 0, 0, 0, 8, 0</column>
<column name="mul_4ns_32s_36_2_1_U1">mul_4ns_32s_36_2_1, 0, 0, 165, 50, 0</column>
<column name="mul_4s_4s_4_1_1_U3">mul_4s_4s_4_1_1, 0, 0, 0, 13, 0</column>
<column name="mul_4s_4s_4_1_1_U4">mul_4s_4s_4_1_1, 0, 0, 0, 13, 0</column>
<column name="mul_4s_4s_4_1_1_U7">mul_4s_4s_4_1_1, 0, 0, 0, 13, 0</column>
<column name="mul_4s_4s_4_1_1_U8">mul_4s_4s_4_1_1, 0, 0, 0, 13, 0</column>
<column name="mul_4s_4s_4_1_1_U11">mul_4s_4s_4_1_1, 0, 0, 0, 13, 0</column>
<column name="mul_4s_4s_4_1_1_U12">mul_4s_4s_4_1_1, 0, 0, 0, 13, 0</column>
<column name="mul_4s_4s_4_1_1_U15">mul_4s_4s_4_1_1, 0, 0, 0, 13, 0</column>
<column name="mul_4s_4s_4_1_1_U16">mul_4s_4s_4_1_1, 0, 0, 0, 13, 0</column>
<column name="mul_4s_4s_4_1_1_U19">mul_4s_4s_4_1_1, 0, 0, 0, 13, 0</column>
<column name="mul_4s_4s_4_1_1_U20">mul_4s_4s_4_1_1, 0, 0, 0, 13, 0</column>
<column name="mul_4s_4s_4_1_1_U23">mul_4s_4s_4_1_1, 0, 0, 0, 13, 0</column>
<column name="mul_4s_4s_4_1_1_U24">mul_4s_4s_4_1_1, 0, 0, 0, 13, 0</column>
<column name="mul_4s_4s_4_1_1_U27">mul_4s_4s_4_1_1, 0, 0, 0, 13, 0</column>
<column name="mul_4s_4s_4_1_1_U28">mul_4s_4s_4_1_1, 0, 0, 0, 13, 0</column>
<column name="mul_4s_4s_4_1_1_U31">mul_4s_4s_4_1_1, 0, 0, 0, 13, 0</column>
<column name="mul_4s_4s_4_1_1_U32">mul_4s_4s_4_1_1, 0, 0, 0, 13, 0</column>
<column name="mul_4s_4s_4_1_1_U35">mul_4s_4s_4_1_1, 0, 0, 0, 13, 0</column>
<column name="mul_4s_4s_4_1_1_U36">mul_4s_4s_4_1_1, 0, 0, 0, 13, 0</column>
<column name="mul_4s_4s_4_1_1_U39">mul_4s_4s_4_1_1, 0, 0, 0, 13, 0</column>
<column name="mul_4s_4s_4_1_1_U40">mul_4s_4s_4_1_1, 0, 0, 0, 13, 0</column>
<column name="mul_4s_4s_4_1_1_U43">mul_4s_4s_4_1_1, 0, 0, 0, 13, 0</column>
<column name="mul_4s_4s_4_1_1_U44">mul_4s_4s_4_1_1, 0, 0, 0, 13, 0</column>
<column name="mul_4s_4s_4_1_1_U47">mul_4s_4s_4_1_1, 0, 0, 0, 13, 0</column>
<column name="mul_4s_4s_4_1_1_U48">mul_4s_4s_4_1_1, 0, 0, 0, 13, 0</column>
<column name="mul_4s_4s_4_1_1_U51">mul_4s_4s_4_1_1, 0, 0, 0, 13, 0</column>
<column name="mul_4s_4s_4_1_1_U52">mul_4s_4s_4_1_1, 0, 0, 0, 13, 0</column>
<column name="mul_4s_4s_4_1_1_U55">mul_4s_4s_4_1_1, 0, 0, 0, 13, 0</column>
<column name="mul_4s_4s_4_1_1_U56">mul_4s_4s_4_1_1, 0, 0, 0, 13, 0</column>
<column name="mul_4s_4s_4_1_1_U59">mul_4s_4s_4_1_1, 0, 0, 0, 13, 0</column>
<column name="mul_4s_4s_4_1_1_U60">mul_4s_4s_4_1_1, 0, 0, 0, 13, 0</column>
<column name="mul_4s_4s_4_1_1_U63">mul_4s_4s_4_1_1, 0, 0, 0, 13, 0</column>
<column name="mul_4s_4s_4_1_1_U64">mul_4s_4s_4_1_1, 0, 0, 0, 13, 0</column>
<column name="mul_8s_8s_16_1_1_U5">mul_8s_8s_16_1_1, 0, 0, 0, 41, 0</column>
<column name="mul_8s_8s_16_1_1_U9">mul_8s_8s_16_1_1, 0, 0, 0, 41, 0</column>
<column name="mul_8s_8s_16_1_1_U13">mul_8s_8s_16_1_1, 0, 0, 0, 41, 0</column>
<column name="mul_8s_8s_16_1_1_U17">mul_8s_8s_16_1_1, 0, 0, 0, 41, 0</column>
<column name="mul_8s_8s_16_1_1_U21">mul_8s_8s_16_1_1, 0, 0, 0, 41, 0</column>
<column name="mul_8s_8s_16_1_1_U25">mul_8s_8s_16_1_1, 0, 0, 0, 41, 0</column>
<column name="mul_8s_8s_16_1_1_U29">mul_8s_8s_16_1_1, 0, 0, 0, 41, 0</column>
<column name="mul_8s_8s_16_1_1_U33">mul_8s_8s_16_1_1, 0, 0, 0, 41, 0</column>
<column name="mul_8s_8s_16_1_1_U37">mul_8s_8s_16_1_1, 0, 0, 0, 41, 0</column>
<column name="mul_8s_8s_16_1_1_U41">mul_8s_8s_16_1_1, 0, 0, 0, 41, 0</column>
<column name="mul_8s_8s_16_1_1_U45">mul_8s_8s_16_1_1, 0, 0, 0, 41, 0</column>
<column name="mul_8s_8s_16_1_1_U49">mul_8s_8s_16_1_1, 0, 0, 0, 41, 0</column>
<column name="mul_8s_8s_16_1_1_U53">mul_8s_8s_16_1_1, 0, 0, 0, 41, 0</column>
<column name="mul_8s_8s_16_1_1_U57">mul_8s_8s_16_1_1, 0, 0, 0, 41, 0</column>
<column name="mul_8s_8s_16_1_1_U61">mul_8s_8s_16_1_1, 0, 0, 0, 41, 0</column>
<column name="mul_8s_8s_16_1_1_U65">mul_8s_8s_16_1_1, 0, 0, 0, 41, 0</column>
</table>
</item>
<item name = "DSP"><table name="" hasTotal="0">
<keys size="3">Instance, Module, Expression</keys>
</table>
</item>
<item name = "Memory"><table name="" hasTotal="1">
<keys size="10">Memory, Module, BRAM_18K, FF, LUT, URAM, Words, Bits, Banks, W*Bits*Banks</keys>
</table>
</item>
<item name = "FIFO"><table name="" hasTotal="1">
<keys size="8">Name, BRAM_18K, FF, LUT, URAM, Depth, Bits, Size:D*B</keys>
</table>
</item>
<item name = "Expression"><table name="" hasTotal="1">
<keys size="7">Variable Name, Operation, DSP, FF, LUT, Bitwidth P0, Bitwidth P1</keys>
<column name="add_ln40_1_fu_1278_p2">+, 0, 0, 13, 4, 1</column>
<column name="add_ln40_fu_1252_p2">+, 0, 0, 14, 7, 1</column>
<column name="add_ln41_fu_1508_p2">+, 0, 0, 13, 4, 1</column>
<column name="add_ln60_10_fu_1738_p2">+, 0, 0, 40, 33, 33</column>
<column name="add_ln60_11_fu_1783_p2">+, 0, 0, 71, 64, 64</column>
<column name="add_ln60_12_fu_1775_p2">+, 0, 0, 40, 33, 33</column>
<column name="add_ln60_13_fu_1820_p2">+, 0, 0, 71, 64, 64</column>
<column name="add_ln60_14_fu_1812_p2">+, 0, 0, 40, 33, 33</column>
<column name="add_ln60_15_fu_1857_p2">+, 0, 0, 71, 64, 64</column>
<column name="add_ln60_16_fu_1849_p2">+, 0, 0, 40, 33, 33</column>
<column name="add_ln60_17_fu_1894_p2">+, 0, 0, 71, 64, 64</column>
<column name="add_ln60_18_fu_1886_p2">+, 0, 0, 40, 33, 33</column>
<column name="add_ln60_19_fu_1931_p2">+, 0, 0, 71, 64, 64</column>
<column name="add_ln60_1_fu_1576_p2">+, 0, 0, 64, 64, 64</column>
<column name="add_ln60_20_fu_1923_p2">+, 0, 0, 40, 33, 33</column>
<column name="add_ln60_21_fu_1989_p2">+, 0, 0, 71, 64, 64</column>
<column name="add_ln60_22_fu_1981_p2">+, 0, 0, 40, 33, 33</column>
<column name="add_ln60_23_fu_2080_p2">+, 0, 0, 71, 64, 64</column>
<column name="add_ln60_24_fu_2072_p2">+, 0, 0, 40, 33, 33</column>
<column name="add_ln60_25_fu_2117_p2">+, 0, 0, 71, 64, 64</column>
<column name="add_ln60_26_fu_2109_p2">+, 0, 0, 40, 33, 33</column>
<column name="add_ln60_27_fu_2154_p2">+, 0, 0, 71, 64, 64</column>
<column name="add_ln60_28_fu_2146_p2">+, 0, 0, 40, 33, 33</column>
<column name="add_ln60_29_fu_2191_p2">+, 0, 0, 71, 64, 64</column>
<column name="add_ln60_2_fu_1606_p2">+, 0, 0, 71, 64, 64</column>
<column name="add_ln60_30_fu_2183_p2">+, 0, 0, 40, 33, 33</column>
<column name="add_ln60_31_fu_2228_p2">+, 0, 0, 71, 64, 64</column>
<column name="add_ln60_32_fu_2220_p2">+, 0, 0, 40, 33, 33</column>
<column name="add_ln60_3_fu_1635_p2">+, 0, 0, 71, 64, 64</column>
<column name="add_ln60_4_fu_1626_p2">+, 0, 0, 40, 33, 33</column>
<column name="add_ln60_5_fu_1672_p2">+, 0, 0, 71, 64, 64</column>
<column name="add_ln60_6_fu_1664_p2">+, 0, 0, 40, 33, 33</column>
<column name="add_ln60_7_fu_1709_p2">+, 0, 0, 71, 64, 64</column>
<column name="add_ln60_8_fu_1701_p2">+, 0, 0, 40, 33, 33</column>
<column name="add_ln60_9_fu_1746_p2">+, 0, 0, 71, 64, 64</column>
<column name="add_ln60_fu_1571_p2">+, 0, 0, 64, 64, 64</column>
<column name="add_ln70_10_fu_3590_p2">+, 0, 0, 24, 17, 17</column>
<column name="add_ln70_11_fu_3658_p2">+, 0, 0, 24, 17, 17</column>
<column name="add_ln70_12_fu_3668_p2">+, 0, 0, 25, 18, 18</column>
<column name="add_ln70_13_fu_3678_p2">+, 0, 0, 26, 19, 19</column>
<column name="add_ln70_1_fu_2651_p2">+, 0, 0, 24, 17, 17</column>
<column name="add_ln70_2_fu_2661_p2">+, 0, 0, 25, 18, 18</column>
<column name="add_ln70_3_fu_2839_p2">+, 0, 0, 24, 17, 17</column>
<column name="add_ln70_4_fu_3023_p2">+, 0, 0, 24, 17, 17</column>
<column name="add_ln70_5_fu_3033_p2">+, 0, 0, 25, 18, 18</column>
<column name="add_ln70_6_fu_3043_p2">+, 0, 0, 26, 19, 19</column>
<column name="add_ln70_7_fu_3221_p2">+, 0, 0, 24, 17, 17</column>
<column name="add_ln70_8_fu_3402_p2">+, 0, 0, 24, 17, 17</column>
<column name="add_ln70_9_fu_3412_p2">+, 0, 0, 25, 18, 18</column>
<column name="add_ln70_fu_2470_p2">+, 0, 0, 24, 17, 17</column>
<column name="empty_64_fu_1527_p2">+, 0, 0, 69, 62, 62</column>
<column name="empty_65_fu_1540_p2">+, 0, 0, 71, 64, 64</column>
<column name="sum_fu_1617_p2">+, 0, 0, 27, 20, 20</column>
<column name="ap_block_pp0_stage0_11001_grp18">and, 0, 0, 2, 1, 1</column>
<column name="ap_block_pp0_stage0_11001_grp19">and, 0, 0, 2, 1, 1</column>
<column name="ap_block_pp0_stage0_11001_grp34">and, 0, 0, 2, 1, 1</column>
<column name="ap_block_pp0_stage10_11001_grp32">and, 0, 0, 2, 1, 1</column>
<column name="ap_block_pp0_stage10_11001_grp8">and, 0, 0, 2, 1, 1</column>
<column name="ap_block_pp0_stage11_11001_grp33">and, 0, 0, 2, 1, 1</column>
<column name="ap_block_pp0_stage11_11001_grp9">and, 0, 0, 2, 1, 1</column>
<column name="ap_block_pp0_stage12_11001">and, 0, 0, 2, 1, 1</column>
<column name="ap_block_pp0_stage12_11001_grp10">and, 0, 0, 2, 1, 1</column>
<column name="ap_block_pp0_stage12_11001_grp11">and, 0, 0, 2, 1, 1</column>
<column name="ap_block_pp0_stage13_11001">and, 0, 0, 2, 1, 1</column>
<column name="ap_block_pp0_stage13_11001_grp12">and, 0, 0, 2, 1, 1</column>
<column name="ap_block_pp0_stage13_11001_grp13">and, 0, 0, 2, 1, 1</column>
<column name="ap_block_pp0_stage14_11001">and, 0, 0, 2, 1, 1</column>
<column name="ap_block_pp0_stage14_11001_grp14">and, 0, 0, 2, 1, 1</column>
<column name="ap_block_pp0_stage14_11001_grp15">and, 0, 0, 2, 1, 1</column>
<column name="ap_block_pp0_stage15_11001_grp1">and, 0, 0, 2, 1, 1</column>
<column name="ap_block_pp0_stage15_11001_grp16">and, 0, 0, 2, 1, 1</column>
<column name="ap_block_pp0_stage15_11001_grp17">and, 0, 0, 2, 1, 1</column>
<column name="ap_block_pp0_stage1_11001">and, 0, 0, 2, 1, 1</column>
<column name="ap_block_pp0_stage1_11001_grp20">and, 0, 0, 2, 1, 1</column>
<column name="ap_block_pp0_stage1_11001_grp21">and, 0, 0, 2, 1, 1</column>
<column name="ap_block_pp0_stage2_11001">and, 0, 0, 2, 1, 1</column>
<column name="ap_block_pp0_stage2_11001_grp22">and, 0, 0, 2, 1, 1</column>
<column name="ap_block_pp0_stage2_11001_grp23">and, 0, 0, 2, 1, 1</column>
<column name="ap_block_pp0_stage3_11001">and, 0, 0, 2, 1, 1</column>
<column name="ap_block_pp0_stage3_11001_grp24">and, 0, 0, 2, 1, 1</column>
<column name="ap_block_pp0_stage3_11001_grp25">and, 0, 0, 2, 1, 1</column>
<column name="ap_block_pp0_stage4_11001_grp2">and, 0, 0, 2, 1, 1</column>
<column name="ap_block_pp0_stage4_11001_grp26">and, 0, 0, 2, 1, 1</column>
<column name="ap_block_pp0_stage5_11001_grp27">and, 0, 0, 2, 1, 1</column>
<column name="ap_block_pp0_stage5_11001_grp3">and, 0, 0, 2, 1, 1</column>
<column name="ap_block_pp0_stage5_11001_grp35">and, 0, 0, 2, 1, 1</column>
<column name="ap_block_pp0_stage6_11001_grp28">and, 0, 0, 2, 1, 1</column>
<column name="ap_block_pp0_stage6_11001_grp4">and, 0, 0, 2, 1, 1</column>
<column name="ap_block_pp0_stage7_11001_grp29">and, 0, 0, 2, 1, 1</column>
<column name="ap_block_pp0_stage7_11001_grp5">and, 0, 0, 2, 1, 1</column>
<column name="ap_block_pp0_stage8_11001_grp30">and, 0, 0, 2, 1, 1</column>
<column name="ap_block_pp0_stage8_11001_grp6">and, 0, 0, 2, 1, 1</column>
<column name="ap_block_pp0_stage9_11001_grp31">and, 0, 0, 2, 1, 1</column>
<column name="ap_block_pp0_stage9_11001_grp7">and, 0, 0, 2, 1, 1</column>
<column name="ap_block_state10_io_grp6">and, 0, 0, 2, 1, 1</column>
<column name="ap_block_state14_pp0_stage12_iter0_grp10">and, 0, 0, 2, 1, 1</column>
<column name="ap_block_state19_io_grp21">and, 0, 0, 2, 1, 1</column>
<column name="ap_block_state19_pp0_stage1_iter1_grp20">and, 0, 0, 2, 1, 1</column>
<column name="ap_block_state38_pp0_stage5_iter2_grp35">and, 0, 0, 2, 1, 1</column>
<column name="ap_block_state5_io_grp1">and, 0, 0, 2, 1, 1</column>
<column name="ap_condition_1766">and, 0, 0, 2, 1, 1</column>
<column name="ap_predicate_pred1722_state17">and, 0, 0, 2, 1, 1</column>
<column name="ap_predicate_pred1738_state17">and, 0, 0, 2, 1, 1</column>
<column name="ap_predicate_pred1745_state17">and, 0, 0, 2, 1, 1</column>
<column name="ap_predicate_pred1752_state16">and, 0, 0, 2, 1, 1</column>
<column name="ap_predicate_pred1822_state21">and, 0, 0, 2, 1, 1</column>
<column name="ap_predicate_pred1828_state21">and, 0, 0, 2, 1, 1</column>
<column name="ap_predicate_pred1834_state21">and, 0, 0, 2, 1, 1</column>
<column name="ap_predicate_pred1908_state20">and, 0, 0, 2, 1, 1</column>
<column name="first_iter_0_fu_1292_p2">icmp, 0, 0, 13, 4, 1</column>
<column name="icmp_ln40_fu_1246_p2">icmp, 0, 0, 15, 7, 8</column>
<column name="icmp_ln41_1_fu_1513_p2">icmp, 0, 0, 13, 4, 5</column>
<column name="icmp_ln41_fu_1264_p2">icmp, 0, 0, 13, 4, 5</column>
<column name="lshr_ln60_10_fu_3060_p2">lshr, 0, 0, 100, 32, 32</column>
<column name="lshr_ln60_11_fu_3142_p2">lshr, 0, 0, 100, 32, 32</column>
<column name="lshr_ln60_12_fu_3238_p2">lshr, 0, 0, 100, 32, 32</column>
<column name="lshr_ln60_13_fu_3320_p2">lshr, 0, 0, 100, 32, 32</column>
<column name="lshr_ln60_14_fu_3429_p2">lshr, 0, 0, 100, 32, 32</column>
<column name="lshr_ln60_15_fu_3511_p2">lshr, 0, 0, 100, 32, 32</column>
<column name="lshr_ln60_1_fu_2062_p2">lshr, 0, 0, 100, 32, 32</column>
<column name="lshr_ln60_2_fu_2309_p2">lshr, 0, 0, 100, 32, 32</column>
<column name="lshr_ln60_3_fu_2391_p2">lshr, 0, 0, 100, 32, 32</column>
<column name="lshr_ln60_4_fu_2487_p2">lshr, 0, 0, 100, 32, 32</column>
<column name="lshr_ln60_5_fu_2569_p2">lshr, 0, 0, 100, 32, 32</column>
<column name="lshr_ln60_6_fu_2678_p2">lshr, 0, 0, 100, 32, 32</column>
<column name="lshr_ln60_7_fu_2760_p2">lshr, 0, 0, 100, 32, 32</column>
<column name="lshr_ln60_8_fu_2856_p2">lshr, 0, 0, 100, 32, 32</column>
<column name="lshr_ln60_9_fu_2938_p2">lshr, 0, 0, 100, 32, 32</column>
<column name="lshr_ln60_fu_1971_p2">lshr, 0, 0, 100, 32, 32</column>
<column name="ap_block_pp0_stage0_11001">or, 0, 0, 2, 1, 1</column>
<column name="ap_block_pp0_stage10_11001">or, 0, 0, 2, 1, 1</column>
<column name="ap_block_pp0_stage11_11001">or, 0, 0, 2, 1, 1</column>
<column name="ap_block_pp0_stage15_11001">or, 0, 0, 2, 1, 1</column>
<column name="ap_block_pp0_stage4_11001">or, 0, 0, 2, 1, 1</column>
<column name="ap_block_pp0_stage5_11001">or, 0, 0, 2, 1, 1</column>
<column name="ap_block_pp0_stage6_11001">or, 0, 0, 2, 1, 1</column>
<column name="ap_block_pp0_stage7_11001">or, 0, 0, 2, 1, 1</column>
<column name="ap_block_pp0_stage8_11001">or, 0, 0, 2, 1, 1</column>
<column name="ap_block_pp0_stage9_11001">or, 0, 0, 2, 1, 1</column>
<column name="select_ln40_1_fu_1284_p3">select, 0, 0, 4, 1, 4</column>
<column name="select_ln40_fu_1270_p3">select, 0, 0, 4, 1, 1</column>
<column name="ap_enable_pp0">xor, 0, 0, 2, 1, 2</column>
</table>
</item>
<item name = "Multiplexer"><table name="" hasTotal="1">
<keys size="5">Name, LUT, Input Size, Bits, Total Bits</keys>
<column name="ap_NS_fsm">81, 17, 1, 17</column>
<column name="ap_done_int">9, 2, 1, 2</column>
<column name="ap_enable_reg_pp0_iter0">9, 2, 1, 2</column>
<column name="ap_enable_reg_pp0_iter1">9, 2, 1, 2</column>
<column name="ap_enable_reg_pp0_iter2">9, 2, 1, 2</column>
<column name="ap_loop_exit_ready_pp0_iter1_reg">9, 2, 1, 2</column>
<column name="ap_phi_mux_partial_11_phi_fu_1009_p10">20, 4, 16, 64</column>
<column name="ap_phi_mux_partial_13_phi_fu_1044_p10">20, 4, 16, 64</column>
<column name="ap_phi_mux_partial_15_phi_fu_1079_p10">20, 4, 16, 64</column>
<column name="ap_phi_mux_partial_1_phi_fu_834_p10">20, 4, 16, 64</column>
<column name="ap_phi_mux_partial_3_phi_fu_869_p10">20, 4, 16, 64</column>
<column name="ap_phi_mux_partial_5_phi_fu_904_p10">20, 4, 16, 64</column>
<column name="ap_phi_mux_partial_7_phi_fu_939_p10">20, 4, 16, 64</column>
<column name="ap_phi_mux_partial_9_phi_fu_974_p10">20, 4, 16, 64</column>
<column name="ap_phi_reg_pp0_iter0_partial_reg_812">9, 2, 16, 32</column>
<column name="ap_phi_reg_pp0_iter1_partial_10_reg_987">9, 2, 16, 32</column>
<column name="ap_phi_reg_pp0_iter1_partial_11_reg_1005">9, 2, 16, 32</column>
<column name="ap_phi_reg_pp0_iter1_partial_12_reg_1022">9, 2, 16, 32</column>
<column name="ap_phi_reg_pp0_iter1_partial_13_reg_1040">9, 2, 16, 32</column>
<column name="ap_phi_reg_pp0_iter1_partial_14_reg_1057">9, 2, 16, 32</column>
<column name="ap_phi_reg_pp0_iter1_partial_15_reg_1075">9, 2, 16, 32</column>
<column name="ap_phi_reg_pp0_iter1_partial_1_reg_830">9, 2, 16, 32</column>
<column name="ap_phi_reg_pp0_iter1_partial_2_reg_847">9, 2, 16, 32</column>
<column name="ap_phi_reg_pp0_iter1_partial_3_reg_865">9, 2, 16, 32</column>
<column name="ap_phi_reg_pp0_iter1_partial_4_reg_882">9, 2, 16, 32</column>
<column name="ap_phi_reg_pp0_iter1_partial_5_reg_900">9, 2, 16, 32</column>
<column name="ap_phi_reg_pp0_iter1_partial_6_reg_917">9, 2, 16, 32</column>
<column name="ap_phi_reg_pp0_iter1_partial_7_reg_935">9, 2, 16, 32</column>
<column name="ap_phi_reg_pp0_iter1_partial_8_reg_952">9, 2, 16, 32</column>
<column name="ap_phi_reg_pp0_iter1_partial_9_reg_970">9, 2, 16, 32</column>
<column name="ap_sig_allocacmp_indvar_flatten_load">9, 2, 7, 14</column>
<column name="ap_sig_allocacmp_tc_load">9, 2, 4, 8</column>
<column name="ap_sig_allocacmp_tr_load">9, 2, 4, 8</column>
<column name="gmem_blk_n_AR">9, 2, 1, 2</column>
<column name="gmem_blk_n_AW">9, 2, 1, 2</column>
<column name="gmem_blk_n_B">9, 2, 1, 2</column>
<column name="gmem_blk_n_R">9, 2, 1, 2</column>
<column name="gmem_blk_n_W">9, 2, 1, 2</column>
<column name="indvar_flatten_fu_272">9, 2, 7, 14</column>
<column name="m_axi_gmem_0_ARADDR">81, 17, 64, 1088</column>
<column name="partial_10_reg_987">20, 4, 16, 64</column>
<column name="partial_12_reg_1022">20, 4, 16, 64</column>
<column name="partial_14_reg_1057">20, 4, 16, 64</column>
<column name="partial_2_reg_847">20, 4, 16, 64</column>
<column name="partial_4_reg_882">20, 4, 16, 64</column>
<column name="partial_6_reg_917">20, 4, 16, 64</column>
<column name="partial_8_reg_952">20, 4, 16, 64</column>
<column name="partial_reg_812">20, 4, 16, 64</column>
<column name="tc_fu_264">9, 2, 4, 8</column>
<column name="tr_fu_268">9, 2, 4, 8</column>
</table>
</item>
<item name = "Register"><table name="" hasTotal="1">
<keys size="5">Name, FF, LUT, Bits, Const Bits</keys>
<column name="a_10_reg_4654">8, 0, 8, 0</column>
<column name="a_11_reg_4679">8, 0, 8, 0</column>
<column name="a_12_reg_4709">8, 0, 8, 0</column>
<column name="a_13_reg_4734">8, 0, 8, 0</column>
<column name="a_14_reg_4764">8, 0, 8, 0</column>
<column name="a_15_reg_4789">8, 0, 8, 0</column>
<column name="a_1_reg_4354">8, 0, 8, 0</column>
<column name="a_2_reg_4434">8, 0, 8, 0</column>
<column name="a_3_reg_4459">8, 0, 8, 0</column>
<column name="a_4_reg_4489">8, 0, 8, 0</column>
<column name="a_5_reg_4514">8, 0, 8, 0</column>
<column name="a_6_reg_4544">8, 0, 8, 0</column>
<column name="a_7_reg_4569">8, 0, 8, 0</column>
<column name="a_9_reg_4624">8, 0, 8, 0</column>
<column name="acc_10_reg_4529">4, 0, 4, 0</column>
<column name="acc_11_reg_4524">2, 0, 2, 0</column>
<column name="acc_12_reg_4559">4, 0, 4, 0</column>
<column name="acc_13_reg_4554">2, 0, 2, 0</column>
<column name="acc_14_reg_4584">4, 0, 4, 0</column>
<column name="acc_15_reg_4579">2, 0, 2, 0</column>
<column name="acc_16_reg_4614">4, 0, 4, 0</column>
<column name="acc_17_reg_4609">2, 0, 2, 0</column>
<column name="acc_18_reg_4639">4, 0, 4, 0</column>
<column name="acc_19_reg_4634">2, 0, 2, 0</column>
<column name="acc_1_reg_4339">2, 0, 2, 0</column>
<column name="acc_20_reg_4669">4, 0, 4, 0</column>
<column name="acc_21_reg_4664">2, 0, 2, 0</column>
<column name="acc_22_reg_4694">4, 0, 4, 0</column>
<column name="acc_23_reg_4689">2, 0, 2, 0</column>
<column name="acc_24_reg_4724">4, 0, 4, 0</column>
<column name="acc_25_reg_4719">2, 0, 2, 0</column>
<column name="acc_26_reg_4749">4, 0, 4, 0</column>
<column name="acc_27_reg_4744">2, 0, 2, 0</column>
<column name="acc_28_reg_4779">4, 0, 4, 0</column>
<column name="acc_29_reg_4774">2, 0, 2, 0</column>
<column name="acc_2_reg_4424">4, 0, 4, 0</column>
<column name="acc_30_reg_4804">4, 0, 4, 0</column>
<column name="acc_31_reg_4799">2, 0, 2, 0</column>
<column name="acc_3_reg_4419">2, 0, 2, 0</column>
<column name="acc_4_reg_4449">4, 0, 4, 0</column>
<column name="acc_5_reg_4444">2, 0, 2, 0</column>
<column name="acc_6_reg_4474">4, 0, 4, 0</column>
<column name="acc_7_reg_4469">2, 0, 2, 0</column>
<column name="acc_8_reg_4504">4, 0, 4, 0</column>
<column name="acc_9_reg_4499">2, 0, 2, 0</column>
<column name="acc_reg_4344">4, 0, 4, 0</column>
<column name="act_15_reg_4323">8, 0, 8, 0</column>
<column name="act_reg_4599">8, 0, 8, 0</column>
<column name="add_ln60_2_reg_4182">64, 0, 64, 0</column>
<column name="add_ln70_10_reg_4814">17, 0, 17, 0</column>
<column name="add_ln70_13_reg_4824">19, 0, 19, 0</column>
<column name="add_ln70_2_reg_4539">18, 0, 18, 0</column>
<column name="add_ln70_3_reg_4594">17, 0, 17, 0</column>
<column name="add_ln70_6_reg_4649">19, 0, 19, 0</column>
<column name="add_ln70_7_reg_4704">17, 0, 17, 0</column>
<column name="add_ln70_9_reg_4759">18, 0, 18, 0</column>
<column name="add_ln70_reg_4484">17, 0, 17, 0</column>
<column name="ap_CS_fsm">16, 0, 16, 0</column>
<column name="ap_block_pp0_stage0_subdone_grp0_done_reg">1, 0, 1, 0</column>
<column name="ap_block_pp0_stage0_subdone_grp18_done_reg">1, 0, 1, 0</column>
<column name="ap_block_pp0_stage0_subdone_grp19_done_reg">1, 0, 1, 0</column>
<column name="ap_block_pp0_stage0_subdone_grp34_done_reg">1, 0, 1, 0</column>
<column name="ap_block_pp0_stage10_subdone_grp0_done_reg">1, 0, 1, 0</column>
<column name="ap_block_pp0_stage10_subdone_grp32_done_reg">1, 0, 1, 0</column>
<column name="ap_block_pp0_stage10_subdone_grp8_done_reg">1, 0, 1, 0</column>
<column name="ap_block_pp0_stage11_subdone_grp0_done_reg">1, 0, 1, 0</column>
<column name="ap_block_pp0_stage11_subdone_grp33_done_reg">1, 0, 1, 0</column>
<column name="ap_block_pp0_stage11_subdone_grp9_done_reg">1, 0, 1, 0</column>
<column name="ap_block_pp0_stage12_subdone_grp0_done_reg">1, 0, 1, 0</column>
<column name="ap_block_pp0_stage12_subdone_grp10_done_reg">1, 0, 1, 0</column>
<column name="ap_block_pp0_stage12_subdone_grp11_done_reg">1, 0, 1, 0</column>
<column name="ap_block_pp0_stage13_subdone_grp0_done_reg">1, 0, 1, 0</column>
<column name="ap_block_pp0_stage13_subdone_grp12_done_reg">1, 0, 1, 0</column>
<column name="ap_block_pp0_stage13_subdone_grp13_done_reg">1, 0, 1, 0</column>
<column name="ap_block_pp0_stage14_subdone_grp0_done_reg">1, 0, 1, 0</column>
<column name="ap_block_pp0_stage14_subdone_grp14_done_reg">1, 0, 1, 0</column>
<column name="ap_block_pp0_stage14_subdone_grp15_done_reg">1, 0, 1, 0</column>
<column name="ap_block_pp0_stage15_subdone_grp0_done_reg">1, 0, 1, 0</column>
<column name="ap_block_pp0_stage15_subdone_grp16_done_reg">1, 0, 1, 0</column>
<column name="ap_block_pp0_stage15_subdone_grp17_done_reg">1, 0, 1, 0</column>
<column name="ap_block_pp0_stage15_subdone_grp1_done_reg">1, 0, 1, 0</column>
<column name="ap_block_pp0_stage1_subdone_grp0_done_reg">1, 0, 1, 0</column>
<column name="ap_block_pp0_stage1_subdone_grp20_done_reg">1, 0, 1, 0</column>
<column name="ap_block_pp0_stage1_subdone_grp21_done_reg">1, 0, 1, 0</column>
<column name="ap_block_pp0_stage2_subdone_grp0_done_reg">1, 0, 1, 0</column>
<column name="ap_block_pp0_stage2_subdone_grp22_done_reg">1, 0, 1, 0</column>
<column name="ap_block_pp0_stage2_subdone_grp23_done_reg">1, 0, 1, 0</column>
<column name="ap_block_pp0_stage3_subdone_grp0_done_reg">1, 0, 1, 0</column>
<column name="ap_block_pp0_stage3_subdone_grp24_done_reg">1, 0, 1, 0</column>
<column name="ap_block_pp0_stage3_subdone_grp25_done_reg">1, 0, 1, 0</column>
<column name="ap_block_pp0_stage4_subdone_grp0_done_reg">1, 0, 1, 0</column>
<column name="ap_block_pp0_stage4_subdone_grp26_done_reg">1, 0, 1, 0</column>
<column name="ap_block_pp0_stage4_subdone_grp2_done_reg">1, 0, 1, 0</column>
<column name="ap_block_pp0_stage5_subdone_grp0_done_reg">1, 0, 1, 0</column>
<column name="ap_block_pp0_stage5_subdone_grp27_done_reg">1, 0, 1, 0</column>
<column name="ap_block_pp0_stage5_subdone_grp35_done_reg">1, 0, 1, 0</column>
<column name="ap_block_pp0_stage5_subdone_grp3_done_reg">1, 0, 1, 0</column>
<column name="ap_block_pp0_stage6_subdone_grp0_done_reg">1, 0, 1, 0</column>
<column name="ap_block_pp0_stage6_subdone_grp28_done_reg">1, 0, 1, 0</column>
<column name="ap_block_pp0_stage6_subdone_grp4_done_reg">1, 0, 1, 0</column>
<column name="ap_block_pp0_stage7_subdone_grp0_done_reg">1, 0, 1, 0</column>
<column name="ap_block_pp0_stage7_subdone_grp29_done_reg">1, 0, 1, 0</column>
<column name="ap_block_pp0_stage7_subdone_grp5_done_reg">1, 0, 1, 0</column>
<column name="ap_block_pp0_stage8_subdone_grp0_done_reg">1, 0, 1, 0</column>
<column name="ap_block_pp0_stage8_subdone_grp30_done_reg">1, 0, 1, 0</column>
<column name="ap_block_pp0_stage8_subdone_grp6_done_reg">1, 0, 1, 0</column>
<column name="ap_block_pp0_stage9_subdone_grp0_done_reg">1, 0, 1, 0</column>
<column name="ap_block_pp0_stage9_subdone_grp31_done_reg">1, 0, 1, 0</column>
<column name="ap_block_pp0_stage9_subdone_grp7_done_reg">1, 0, 1, 0</column>
<column name="ap_done_reg">1, 0, 1, 0</column>
<column name="ap_enable_reg_pp0_iter0_reg">1, 0, 1, 0</column>
<column name="ap_enable_reg_pp0_iter1">1, 0, 1, 0</column>
<column name="ap_enable_reg_pp0_iter2">1, 0, 1, 0</column>
<column name="ap_loop_exit_ready_pp0_iter1_reg">1, 0, 1, 0</column>
<column name="ap_phi_reg_pp0_iter0_partial_reg_812">16, 0, 16, 0</column>
<column name="ap_phi_reg_pp0_iter1_partial_10_reg_987">16, 0, 16, 0</column>
<column name="ap_phi_reg_pp0_iter1_partial_11_reg_1005">16, 0, 16, 0</column>
<column name="ap_phi_reg_pp0_iter1_partial_12_reg_1022">16, 0, 16, 0</column>
<column name="ap_phi_reg_pp0_iter1_partial_13_reg_1040">16, 0, 16, 0</column>
<column name="ap_phi_reg_pp0_iter1_partial_14_reg_1057">16, 0, 16, 0</column>
<column name="ap_phi_reg_pp0_iter1_partial_15_reg_1075">16, 0, 16, 0</column>
<column name="ap_phi_reg_pp0_iter1_partial_1_reg_830">16, 0, 16, 0</column>
<column name="ap_phi_reg_pp0_iter1_partial_2_reg_847">16, 0, 16, 0</column>
<column name="ap_phi_reg_pp0_iter1_partial_3_reg_865">16, 0, 16, 0</column>
<column name="ap_phi_reg_pp0_iter1_partial_4_reg_882">16, 0, 16, 0</column>
<column name="ap_phi_reg_pp0_iter1_partial_5_reg_900">16, 0, 16, 0</column>
<column name="ap_phi_reg_pp0_iter1_partial_6_reg_917">16, 0, 16, 0</column>
<column name="ap_phi_reg_pp0_iter1_partial_7_reg_935">16, 0, 16, 0</column>
<column name="ap_phi_reg_pp0_iter1_partial_8_reg_952">16, 0, 16, 0</column>
<column name="ap_phi_reg_pp0_iter1_partial_9_reg_970">16, 0, 16, 0</column>
<column name="ap_predicate_pred1722_state17">1, 0, 1, 0</column>
<column name="ap_predicate_pred1722_state19">1, 0, 1, 0</column>
<column name="ap_predicate_pred1738_state17">1, 0, 1, 0</column>
<column name="ap_predicate_pred1738_state19">1, 0, 1, 0</column>
<column name="ap_predicate_pred1745_state17">1, 0, 1, 0</column>
<column name="ap_predicate_pred1745_state19">1, 0, 1, 0</column>
<column name="ap_predicate_pred1752_state16">1, 0, 1, 0</column>
<column name="ap_predicate_pred1752_state17">1, 0, 1, 0</column>
<column name="ap_predicate_pred1752_state18">1, 0, 1, 0</column>
<column name="ap_predicate_pred1752_state19">1, 0, 1, 0</column>
<column name="ap_predicate_pred1822_state21">1, 0, 1, 0</column>
<column name="ap_predicate_pred1822_state23">1, 0, 1, 0</column>
<column name="ap_predicate_pred1822_state25">1, 0, 1, 0</column>
<column name="ap_predicate_pred1822_state27">1, 0, 1, 0</column>
<column name="ap_predicate_pred1822_state29">1, 0, 1, 0</column>
<column name="ap_predicate_pred1822_state31">1, 0, 1, 0</column>
<column name="ap_predicate_pred1828_state21">1, 0, 1, 0</column>
<column name="ap_predicate_pred1828_state23">1, 0, 1, 0</column>
<column name="ap_predicate_pred1828_state25">1, 0, 1, 0</column>
<column name="ap_predicate_pred1828_state27">1, 0, 1, 0</column>
<column name="ap_predicate_pred1828_state29">1, 0, 1, 0</column>
<column name="ap_predicate_pred1828_state31">1, 0, 1, 0</column>
<column name="ap_predicate_pred1834_state21">1, 0, 1, 0</column>
<column name="ap_predicate_pred1834_state23">1, 0, 1, 0</column>
<column name="ap_predicate_pred1834_state25">1, 0, 1, 0</column>
<column name="ap_predicate_pred1834_state27">1, 0, 1, 0</column>
<column name="ap_predicate_pred1834_state29">1, 0, 1, 0</column>
<column name="ap_predicate_pred1834_state31">1, 0, 1, 0</column>
<column name="ap_predicate_pred1908_state20">1, 0, 1, 0</column>
<column name="ap_predicate_pred1908_state21">1, 0, 1, 0</column>
<column name="ap_predicate_pred1908_state22">1, 0, 1, 0</column>
<column name="ap_predicate_pred1908_state23">1, 0, 1, 0</column>
<column name="ap_predicate_pred1908_state24">1, 0, 1, 0</column>
<column name="ap_predicate_pred1908_state25">1, 0, 1, 0</column>
<column name="ap_predicate_pred1908_state26">1, 0, 1, 0</column>
<column name="ap_predicate_pred1908_state27">1, 0, 1, 0</column>
<column name="ap_predicate_pred1908_state28">1, 0, 1, 0</column>
<column name="ap_predicate_pred1908_state29">1, 0, 1, 0</column>
<column name="ap_predicate_pred1908_state30">1, 0, 1, 0</column>
<column name="ap_predicate_pred1908_state31">1, 0, 1, 0</column>
<column name="empty_63_reg_4158">36, 0, 36, 0</column>
<column name="first_iter_0_reg_4145">1, 0, 1, 0</column>
<column name="first_iter_0_reg_4145_pp0_iter1_reg">1, 0, 1, 0</column>
<column name="gmem_addr_10_reg_4312">64, 0, 64, 0</column>
<column name="gmem_addr_11_reg_4328">64, 0, 64, 0</column>
<column name="gmem_addr_12_reg_4359">64, 0, 64, 0</column>
<column name="gmem_addr_13_reg_4370">64, 0, 64, 0</column>
<column name="gmem_addr_14_reg_4381">64, 0, 64, 0</column>
<column name="gmem_addr_15_reg_4392">64, 0, 64, 0</column>
<column name="gmem_addr_16_reg_4403">64, 0, 64, 0</column>
<column name="gmem_addr_1_reg_4171">64, 0, 64, 0</column>
<column name="gmem_addr_2_reg_4224">64, 0, 64, 0</column>
<column name="gmem_addr_3_reg_4235">64, 0, 64, 0</column>
<column name="gmem_addr_4_reg_4246">64, 0, 64, 0</column>
<column name="gmem_addr_5_reg_4257">64, 0, 64, 0</column>
<column name="gmem_addr_6_reg_4268">64, 0, 64, 0</column>
<column name="gmem_addr_7_reg_4279">64, 0, 64, 0</column>
<column name="gmem_addr_8_reg_4290">64, 0, 64, 0</column>
<column name="gmem_addr_9_reg_4301">64, 0, 64, 0</column>
<column name="gmem_addr_reg_4164">64, 0, 64, 0</column>
<column name="icmp_ln40_reg_4129">1, 0, 1, 0</column>
<column name="icmp_ln41_1_reg_4154">1, 0, 1, 0</column>
<column name="indvar_flatten_fu_272">7, 0, 7, 0</column>
<column name="mul_ln18_10_reg_4674">4, 0, 4, 0</column>
<column name="mul_ln18_11_reg_4699">4, 0, 4, 0</column>
<column name="mul_ln18_12_reg_4729">4, 0, 4, 0</column>
<column name="mul_ln18_13_reg_4754">4, 0, 4, 0</column>
<column name="mul_ln18_14_reg_4784">4, 0, 4, 0</column>
<column name="mul_ln18_15_reg_4809">4, 0, 4, 0</column>
<column name="mul_ln18_1_reg_4429">4, 0, 4, 0</column>
<column name="mul_ln18_2_reg_4454">4, 0, 4, 0</column>
<column name="mul_ln18_3_reg_4479">4, 0, 4, 0</column>
<column name="mul_ln18_4_reg_4509">4, 0, 4, 0</column>
<column name="mul_ln18_5_reg_4534">4, 0, 4, 0</column>
<column name="mul_ln18_6_reg_4564">4, 0, 4, 0</column>
<column name="mul_ln18_7_reg_4589">4, 0, 4, 0</column>
<column name="mul_ln18_8_reg_4619">4, 0, 4, 0</column>
<column name="mul_ln18_9_reg_4644">4, 0, 4, 0</column>
<column name="mul_ln18_reg_4349">4, 0, 4, 0</column>
<column name="partial_10_reg_987">16, 0, 16, 0</column>
<column name="partial_12_reg_1022">16, 0, 16, 0</column>
<column name="partial_14_reg_1057">16, 0, 16, 0</column>
<column name="partial_2_reg_847">16, 0, 16, 0</column>
<column name="partial_4_reg_882">16, 0, 16, 0</column>
<column name="partial_6_reg_917">16, 0, 16, 0</column>
<column name="partial_8_reg_952">16, 0, 16, 0</column>
<column name="partial_reg_812">16, 0, 16, 0</column>
<column name="reg_1092">32, 0, 32, 0</column>
<column name="reg_1096">32, 0, 32, 0</column>
<column name="select_ln40_1_reg_4140">4, 0, 4, 0</column>
<column name="select_ln40_reg_4133">4, 0, 4, 0</column>
<column name="sext_ln39_10_cast_reg_4124">33, 0, 33, 0</column>
<column name="sext_ln39_11_cast_reg_4119">33, 0, 33, 0</column>
<column name="sext_ln39_12_cast_reg_4114">33, 0, 33, 0</column>
<column name="sext_ln39_13_cast_reg_4109">33, 0, 33, 0</column>
<column name="sext_ln39_14_cast_reg_4104">33, 0, 33, 0</column>
<column name="sext_ln39_15_cast_reg_4099">33, 0, 33, 0</column>
<column name="sext_ln39_16_cast_reg_4094">33, 0, 33, 0</column>
<column name="sext_ln39_2_cast_reg_4089">33, 0, 33, 0</column>
<column name="sext_ln39_3_cast_reg_4084">33, 0, 33, 0</column>
<column name="sext_ln39_4_cast_reg_4079">33, 0, 33, 0</column>
<column name="sext_ln39_5_cast_reg_4074">33, 0, 33, 0</column>
<column name="sext_ln39_6_cast_reg_4069">33, 0, 33, 0</column>
<column name="sext_ln39_7_cast_reg_4064">33, 0, 33, 0</column>
<column name="sext_ln39_8_cast_reg_4059">33, 0, 33, 0</column>
<column name="sext_ln39_9_cast_reg_4054">33, 0, 33, 0</column>
<column name="sext_ln39_cast_reg_4049">36, 0, 36, 0</column>
<column name="sum_reg_4201">20, 0, 20, 0</column>
<column name="tc_fu_264">4, 0, 4, 0</column>
<column name="tr_fu_268">4, 0, 4, 0</column>
<column name="trunc_ln60_17_reg_4230">2, 0, 2, 0</column>
<column name="trunc_ln60_19_reg_4241">2, 0, 2, 0</column>
<column name="trunc_ln60_21_reg_4252">2, 0, 2, 0</column>
<column name="trunc_ln60_23_reg_4263">2, 0, 2, 0</column>
<column name="trunc_ln60_25_reg_4274">2, 0, 2, 0</column>
<column name="trunc_ln60_27_reg_4285">2, 0, 2, 0</column>
<column name="trunc_ln60_29_reg_4296">2, 0, 2, 0</column>
<column name="trunc_ln60_31_reg_4307">2, 0, 2, 0</column>
<column name="trunc_ln60_33_reg_4318">2, 0, 2, 0</column>
<column name="trunc_ln60_35_reg_4334">2, 0, 2, 0</column>
<column name="trunc_ln60_37_reg_4365">2, 0, 2, 0</column>
<column name="trunc_ln60_39_reg_4376">2, 0, 2, 0</column>
<column name="trunc_ln60_41_reg_4387">2, 0, 2, 0</column>
<column name="trunc_ln60_43_reg_4398">2, 0, 2, 0</column>
<column name="trunc_ln60_45_reg_4409">2, 0, 2, 0</column>
<column name="trunc_ln60_reg_4177">2, 0, 2, 0</column>
<column name="w8_15_cast_cast_reg_4039">16, 0, 16, 0</column>
<column name="w8_16_cast_cast_reg_4034">16, 0, 16, 0</column>
<column name="w8_17_cast_cast_reg_4029">16, 0, 16, 0</column>
<column name="w8_18_cast_cast_reg_4024">16, 0, 16, 0</column>
<column name="w8_19_cast_cast_reg_4019">16, 0, 16, 0</column>
<column name="w8_20_cast_cast_reg_4014">16, 0, 16, 0</column>
<column name="w8_21_cast_cast_reg_4009">16, 0, 16, 0</column>
<column name="w8_22_cast_cast_reg_4004">16, 0, 16, 0</column>
<column name="w8_23_cast_cast_reg_3999">16, 0, 16, 0</column>
<column name="w8_24_cast_cast_reg_3994">16, 0, 16, 0</column>
<column name="w8_25_cast_cast_reg_3989">16, 0, 16, 0</column>
<column name="w8_26_cast_cast_reg_3984">16, 0, 16, 0</column>
<column name="w8_27_cast_cast_reg_3979">16, 0, 16, 0</column>
<column name="w8_28_cast_cast_reg_3974">16, 0, 16, 0</column>
<column name="w8_29_cast_cast_reg_3969">16, 0, 16, 0</column>
<column name="w8_cast_cast_reg_4044">16, 0, 16, 0</column>
<column name="zext_ln41_1_reg_4206">4, 0, 33, 29</column>
<column name="gmem_addr_reg_4164">64, 32, 64, 0</column>
<column name="icmp_ln40_reg_4129">64, 32, 1, 0</column>
<column name="icmp_ln41_1_reg_4154">64, 32, 1, 0</column>
</table>
</item>
</section>
</item>
</section>

<section name = "Interface" level="0">
<item name = "Summary"><table name="" hasTotal="0">
<keys size="6">RTL Ports, Dir, Bits, Protocol, Source Object, C Type</keys>
<column name="ap_clk">in, 1, ap_ctrl_hs, cnn_accelerator_Pipeline_VITIS_LOOP_40_2_VITIS_LOOP_41_3, return value</column>
<column name="ap_rst">in, 1, ap_ctrl_hs, cnn_accelerator_Pipeline_VITIS_LOOP_40_2_VITIS_LOOP_41_3, return value</column>
<column name="ap_start">in, 1, ap_ctrl_hs, cnn_accelerator_Pipeline_VITIS_LOOP_40_2_VITIS_LOOP_41_3, return value</column>
<column name="ap_done">out, 1, ap_ctrl_hs, cnn_accelerator_Pipeline_VITIS_LOOP_40_2_VITIS_LOOP_41_3, return value</column>
<column name="ap_idle">out, 1, ap_ctrl_hs, cnn_accelerator_Pipeline_VITIS_LOOP_40_2_VITIS_LOOP_41_3, return value</column>
<column name="ap_ready">out, 1, ap_ctrl_hs, cnn_accelerator_Pipeline_VITIS_LOOP_40_2_VITIS_LOOP_41_3, return value</column>
<column name="m_axi_gmem_0_AWVALID">out, 1, m_axi, gmem, pointer</column>
<column name="m_axi_gmem_0_AWREADY">in, 1, m_axi, gmem, pointer</column>
<column name="m_axi_gmem_0_AWADDR">out, 64, m_axi, gmem, pointer</column>
<column name="m_axi_gmem_0_AWID">out, 1, m_axi, gmem, pointer</column>
<column name="m_axi_gmem_0_AWLEN">out, 32, m_axi, gmem, pointer</column>
<column name="m_axi_gmem_0_AWSIZE">out, 3, m_axi, gmem, pointer</column>
<column name="m_axi_gmem_0_AWBURST">out, 2, m_axi, gmem, pointer</column>
<column name="m_axi_gmem_0_AWLOCK">out, 2, m_axi, gmem, pointer</column>
<column name="m_axi_gmem_0_AWCACHE">out, 4, m_axi, gmem, pointer</column>
<column name="m_axi_gmem_0_AWPROT">out, 3, m_axi, gmem, pointer</column>
<column name="m_axi_gmem_0_AWQOS">out, 4, m_axi, gmem, pointer</column>
<column name="m_axi_gmem_0_AWREGION">out, 4, m_axi, gmem, pointer</column>
<column name="m_axi_gmem_0_AWUSER">out, 1, m_axi, gmem, pointer</column>
<column name="m_axi_gmem_0_WVALID">out, 1, m_axi, gmem, pointer</column>
<column name="m_axi_gmem_0_WREADY">in, 1, m_axi, gmem, pointer</column>
<column name="m_axi_gmem_0_WDATA">out, 32, m_axi, gmem, pointer</column>
<column name="m_axi_gmem_0_WSTRB">out, 4, m_axi, gmem, pointer</column>
<column name="m_axi_gmem_0_WLAST">out, 1, m_axi, gmem, pointer</column>
<column name="m_axi_gmem_0_WID">out, 1, m_axi, gmem, pointer</column>
<column name="m_axi_gmem_0_WUSER">out, 1, m_axi, gmem, pointer</column>
<column name="m_axi_gmem_0_ARVALID">out, 1, m_axi, gmem, pointer</column>
<column name="m_axi_gmem_0_ARREADY">in, 1, m_axi, gmem, pointer</column>
<column name="m_axi_gmem_0_ARADDR">out, 64, m_axi, gmem, pointer</column>
<column name="m_axi_gmem_0_ARID">out, 1, m_axi, gmem, pointer</column>
<column name="m_axi_gmem_0_ARLEN">out, 32, m_axi, gmem, pointer</column>
<column name="m_axi_gmem_0_ARSIZE">out, 3, m_axi, gmem, pointer</column>
<column name="m_axi_gmem_0_ARBURST">out, 2, m_axi, gmem, pointer</column>
<column name="m_axi_gmem_0_ARLOCK">out, 2, m_axi, gmem, pointer</column>
<column name="m_axi_gmem_0_ARCACHE">out, 4, m_axi, gmem, pointer</column>
<column name="m_axi_gmem_0_ARPROT">out, 3, m_axi, gmem, pointer</column>
<column name="m_axi_gmem_0_ARQOS">out, 4, m_axi, gmem, pointer</column>
<column name="m_axi_gmem_0_ARREGION">out, 4, m_axi, gmem, pointer</column>
<column name="m_axi_gmem_0_ARUSER">out, 1, m_axi, gmem, pointer</column>
<column name="m_axi_gmem_0_RVALID">in, 1, m_axi, gmem, pointer</column>
<column name="m_axi_gmem_0_RREADY">out, 1, m_axi, gmem, pointer</column>
<column name="m_axi_gmem_0_RDATA">in, 32, m_axi, gmem, pointer</column>
<column name="m_axi_gmem_0_RLAST">in, 1, m_axi, gmem, pointer</column>
<column name="m_axi_gmem_0_RID">in, 1, m_axi, gmem, pointer</column>
<column name="m_axi_gmem_0_RFIFONUM">in, 9, m_axi, gmem, pointer</column>
<column name="m_axi_gmem_0_RUSER">in, 1, m_axi, gmem, pointer</column>
<column name="m_axi_gmem_0_RRESP">in, 2, m_axi, gmem, pointer</column>
<column name="m_axi_gmem_0_BVALID">in, 1, m_axi, gmem, pointer</column>
<column name="m_axi_gmem_0_BREADY">out, 1, m_axi, gmem, pointer</column>
<column name="m_axi_gmem_0_BRESP">in, 2, m_axi, gmem, pointer</column>
<column name="m_axi_gmem_0_BID">in, 1, m_axi, gmem, pointer</column>
<column name="m_axi_gmem_0_BUSER">in, 1, m_axi, gmem, pointer</column>
<column name="precision">in, 32, ap_none, precision, scalar</column>
<column name="input_r">in, 64, ap_none, input_r, scalar</column>
<column name="sext_ln39_10">in, 32, ap_none, sext_ln39_10, scalar</column>
<column name="sext_ln39_11">in, 32, ap_none, sext_ln39_11, scalar</column>
<column name="sext_ln39_12">in, 32, ap_none, sext_ln39_12, scalar</column>
<column name="sext_ln39_13">in, 32, ap_none, sext_ln39_13, scalar</column>
<column name="sext_ln39_14">in, 32, ap_none, sext_ln39_14, scalar</column>
<column name="sext_ln39_15">in, 32, ap_none, sext_ln39_15, scalar</column>
<column name="sext_ln39_16">in, 32, ap_none, sext_ln39_16, scalar</column>
<column name="sext_ln39_2">in, 32, ap_none, sext_ln39_2, scalar</column>
<column name="sext_ln39_3">in, 32, ap_none, sext_ln39_3, scalar</column>
<column name="sext_ln39_4">in, 32, ap_none, sext_ln39_4, scalar</column>
<column name="sext_ln39_5">in, 32, ap_none, sext_ln39_5, scalar</column>
<column name="sext_ln39_6">in, 32, ap_none, sext_ln39_6, scalar</column>
<column name="sext_ln39_7">in, 32, ap_none, sext_ln39_7, scalar</column>
<column name="sext_ln39_8">in, 32, ap_none, sext_ln39_8, scalar</column>
<column name="sext_ln39_9">in, 32, ap_none, sext_ln39_9, scalar</column>
<column name="sext_ln39">in, 32, ap_none, sext_ln39, scalar</column>
<column name="phi_mul7">in, 62, ap_none, phi_mul7, scalar</column>
<column name="output_r">in, 64, ap_none, output_r, scalar</column>
<column name="w8_cast">in, 8, ap_none, w8_cast, scalar</column>
<column name="bh">in, 4, ap_none, bh, scalar</column>
<column name="empty_30">in, 4, ap_none, empty_30, scalar</column>
<column name="empty_31">in, 2, ap_none, empty_31, scalar</column>
<column name="empty_32">in, 2, ap_none, empty_32, scalar</column>
<column name="empty_33">in, 4, ap_none, empty_33, scalar</column>
<column name="bh_1">in, 4, ap_none, bh_1, scalar</column>
<column name="w8_15_cast">in, 8, ap_none, w8_15_cast, scalar</column>
<column name="empty_34">in, 2, ap_none, empty_34, scalar</column>
<column name="empty_35">in, 4, ap_none, empty_35, scalar</column>
<column name="bh_2">in, 4, ap_none, bh_2, scalar</column>
<column name="w8_16_cast">in, 8, ap_none, w8_16_cast, scalar</column>
<column name="empty_36">in, 2, ap_none, empty_36, scalar</column>
<column name="empty_37">in, 4, ap_none, empty_37, scalar</column>
<column name="bh_3">in, 4, ap_none, bh_3, scalar</column>
<column name="w8_17_cast">in, 8, ap_none, w8_17_cast, scalar</column>
<column name="empty_38">in, 2, ap_none, empty_38, scalar</column>
<column name="empty_39">in, 4, ap_none, empty_39, scalar</column>
<column name="bh_4">in, 4, ap_none, bh_4, scalar</column>
<column name="w8_18_cast">in, 8, ap_none, w8_18_cast, scalar</column>
<column name="empty_40">in, 2, ap_none, empty_40, scalar</column>
<column name="empty_41">in, 4, ap_none, empty_41, scalar</column>
<column name="bh_5">in, 4, ap_none, bh_5, scalar</column>
<column name="w8_19_cast">in, 8, ap_none, w8_19_cast, scalar</column>
<column name="empty_42">in, 2, ap_none, empty_42, scalar</column>
<column name="empty_43">in, 4, ap_none, empty_43, scalar</column>
<column name="bh_6">in, 4, ap_none, bh_6, scalar</column>
<column name="w8_20_cast">in, 8, ap_none, w8_20_cast, scalar</column>
<column name="empty_44">in, 2, ap_none, empty_44, scalar</column>
<column name="empty_45">in, 4, ap_none, empty_45, scalar</column>
<column name="bh_7">in, 4, ap_none, bh_7, scalar</column>
<column name="w8_21_cast">in, 8, ap_none, w8_21_cast, scalar</column>
<column name="w8_22_cast">in, 8, ap_none, w8_22_cast, scalar</column>
<column name="bh_8">in, 4, ap_none, bh_8, scalar</column>
<column name="empty_46">in, 4, ap_none, empty_46, scalar</column>
<column name="empty_47">in, 2, ap_none, empty_47, scalar</column>
<column name="empty_48">in, 2, ap_none, empty_48, scalar</column>
<column name="empty_49">in, 4, ap_none, empty_49, scalar</column>
<column name="bh_9">in, 4, ap_none, bh_9, scalar</column>
<column name="w8_23_cast">in, 8, ap_none, w8_23_cast, scalar</column>
<column name="empty_50">in, 2, ap_none, empty_50, scalar</column>
<column name="empty_51">in, 4, ap_none, empty_51, scalar</column>
<column name="bh_15">in, 4, ap_none, bh_15, scalar</column>
<column name="w8_24_cast">in, 8, ap_none, w8_24_cast, scalar</column>
<column name="empty_52">in, 2, ap_none, empty_52, scalar</column>
<column name="empty_53">in, 4, ap_none, empty_53, scalar</column>
<column name="bh_10">in, 4, ap_none, bh_10, scalar</column>
<column name="w8_25_cast">in, 8, ap_none, w8_25_cast, scalar</column>
<column name="empty_54">in, 2, ap_none, empty_54, scalar</column>
<column name="empty_55">in, 4, ap_none, empty_55, scalar</column>
<column name="bh_11">in, 4, ap_none, bh_11, scalar</column>
<column name="w8_26_cast">in, 8, ap_none, w8_26_cast, scalar</column>
<column name="empty_56">in, 2, ap_none, empty_56, scalar</column>
<column name="empty_57">in, 4, ap_none, empty_57, scalar</column>
<column name="bh_12">in, 4, ap_none, bh_12, scalar</column>
<column name="w8_27_cast">in, 8, ap_none, w8_27_cast, scalar</column>
<column name="empty_58">in, 2, ap_none, empty_58, scalar</column>
<column name="empty_59">in, 4, ap_none, empty_59, scalar</column>
<column name="bh_13">in, 4, ap_none, bh_13, scalar</column>
<column name="w8_28_cast">in, 8, ap_none, w8_28_cast, scalar</column>
<column name="empty_60">in, 2, ap_none, empty_60, scalar</column>
<column name="empty">in, 4, ap_none, empty, scalar</column>
<column name="bh_14">in, 4, ap_none, bh_14, scalar</column>
<column name="w8_29_cast">in, 8, ap_none, w8_29_cast, scalar</column>
</table>
</item>
</section>
</profile>
