{
  "0": {
    "basicblocks": 14,
    "calls": "1 1",
    "control_depth": 2,
    "def_use_depth": 17,
    "file": "accelerator.cpp",
    "fileloc": 4,
    "instructions": 703,
    "loads": {
      "L": 16,
      "T": 80
    },
    "memory_accesses": 195,
    "name": "cnn_accelerator",
    "stores": {
      "L": 96,
      "T": 1
    },
    "total_instructions": 2143
  },
  "1": {
    "basicblocks": 52,
    "calls": "2 2 2 2 2 2 2 2",
    "control_depth": 0,
    "def_use_depth": 8,
    "file": "systolic_array.h",
    "fileloc": 6,
    "instructions": 672,
    "loads": {
      "L": 88
    },
    "memory_accesses": 0,
    "name": "systolic_array",
    "stores": {
      "L": 40
    },
    "total_instructions": 720
  },
  "2": {
    "basicblocks": 1,
    "calls": "",
    "control_depth": 0,
    "def_use_depth": 3,
    "file": "approx_mac.h",
    "fileloc": 7,
    "instructions": 6,
    "memory_accesses": 0,
    "name": "mac_int8",
    "stores": {
      "L": 1
    },
    "total_instructions": 6
  }
}