{"version":0,"data":{"topInstance":{"childInstances":[{"childInstances":[],"moduleName":"cnn_accelerator_Pipeline_VITIS_LOOP_40_2_VITIS_LOOP_41_3","instName":"grp_cnn_accelerator_Pipeline_VITIS_LOOP_40_2_VITIS_LOOP_41_3_fu_270"}],"moduleName":"cnn_accelerator","rtlPrefix":""},"modules":[{"name":"cnn_accelerator_Pipeline_VITIS_LOOP_40_2_VITIS_LOOP_41_3","isTimingViolation":false,"performanceEstimates":{"summaryOfTimingAnalysis":{"targetClockPeriod":"10.00","clockUncertainty":"2.70","estimatedClockPeriod":"7.300"},"summaryOfOverallLatency":{"bestCaseLatency":"1047","averageCaseLatency":"1047","worstCaseLatency":"1047","bestCaseRealTimeLatency":"10470","averageCaseRealTimeLatency":"10470","worstCaseRealTimeLatency":"10470","pipelineInitiationInterval":"1040","pipelineType":"loop auto-rewind stp (delay=0 clock cycles(s))"},"summaryOfLoopLatency":{"loops":[{"name":"VITIS_LOOP_40_2_VITIS_LOOP_41_3","tripCount":"64","latency":"1045","absoluteTimeLatency":"10450~10450","pipelineII":"16","pipelineDepth":"38","pipelineType":"yes","targetTI":"","realTI":"","TIMet":"","isIIViolation":true,"childLoops":[],"childInstances":[]}]}},"areaEstimates":{"resources":{"ff":"3405","availFf":"106400","utilFf":"3","lut":"6331","availLut":"53200","utilLut":"11","bram18k":"0","availBram":"280","utilBram":"0","dsp":"0","availDsp":"220","utilDsp":"0","uram":"0","availUram":"0","utilUram":"0"}}},{"name":"cnn_accelerator","isTimingViolation":false,"performanceEstimates":{"summaryOfTimingAnalysis":{"targetClockPeriod":"10.00","clockUncertainty":"2.70","estimatedClockPeriod":"7.300"},"summaryOfOverallLatency":{"bestCaseLatency":"17955","averageCaseLatency":"17955","worstCaseLatency":"17955","bestCaseRealTimeLatency":"180000","averageCaseRealTimeLatency":"180000","worstCaseRealTimeLatency":"180000","pipelineInitiationInterval":"17956","pipelineType":"no"},"summaryOfLoopLatency":{"loops":[{"name":"VITIS_LOOP_39_1","tripCount":"16","latency":"17952","absoluteTimeLatency":"180000~180000","pipelineII":"","pipelineDepth":"1122","pipelineType":"no","targetTI":"","realTI":"","TIMet":"","isIIViolation":false,"childLoops":[],"childInstances":["grp_cnn_accelerator_Pipeline_VITIS_LOOP_40_2_VITIS_LOOP_41_3_fu_270"]}]}},"areaEstimates":{"resources":{"ff":"14832","availFf":"106400","utilFf":"13","lut":"21020","availLut":"53200","utilLut":"39","bram18k":"2","availBram":"280","utilBram":"~0","dsp":"40","availDsp":"220","utilDsp":"18","uram":"0","availUram":"0","utilUram":"0"}}}]}}
