<profile>

<section name = "Vitis HLS Report for 'cnn_accelerator'" level="0">
<item name = "Date">Thu Feb 12 02:54:28 2026
</item>
<item name = "Version">2025.1 (Build 6135595 on May 21 2025)</item>
<item name = "Project">cnn</item>
<item name = "Solution">hls (Vivado IP Flow Target)</item>
<item name = "Product family">zynq</item>
<item name = "Target device">xc7z020-clg484-1</item>
</section>

<section name = "Performance Estimates" level="0">
<item name = "Timing">
<section name = "" level="1">
<item name = "Summary"><table name="" hasTotal="0">
<keys size="4">Clock, Target, Estimated, Uncertainty</keys>
<column name="ap_clk">10.00 ns, 7.300 ns, 2.70 ns</column>
</table>
</item>
</section>
</item>
<item name = "Latency">
<section name = "" level="1">
<item name = "Summary"><table name="" hasTotal="0">
<keys size="8">, min, max, min, max, min, max, Type</keys>
<column name="">17955, 17955, 0.180 ms, 0.180 ms, 17956, 17956, no</column>
</table>
</item>
<item name = "Detail">
<section name = "" level="1">
<item name = "Instance"><table name="" hasTotal="0">
<keys size="9">Instance, Module, min, max, min, max, min, max, Type</keys>
<column name="grp_cnn_accelerator_Pipeline_VITIS_LOOP_40_2_VITIS_LOOP_41_3_fu_270">cnn_accelerator_Pipeline_VITIS_LOOP_40_2_VITIS_LOOP_41_3, 1047, 1047, 10.470 us, 10.470 us, 1040, 1040, loop auto-rewind stp (delay=0 clock cycles(s))</column>
</table>
</item>
<item name = "Loop"><table name="" hasTotal="0">
<keys size="8">Loop Name, min, max, Latency, achieved, target, Count, Pipelined</keys>
<column name="- VITIS_LOOP_39_1">17952, 17952, 1122, -, -, 16, no</column>
</table>
</item>
</section>
</item>
</section>
</item>
</section>

<section name = "Utilization Estimates" level="0">
<item name = "Summary"><table name="" hasTotal="1">
<keys size="6">Name, BRAM_18K, DSP, FF, LUT, URAM</keys>
<column name="DSP">-, -, -, -, -</column>
<column name="Expression">-, -, 0, 11373, -</column>
<column name="FIFO">-, -, -, -, -</column>
<column name="Instance">2, 40, 6966, 8847, -</column>
<column name="Memory">-, -, -, -, -</column>
<column name="Multiplexer">-, -, 0, 796, -</column>
<column name="Register">-, -, 7866, -, -</column>
<specialColumn name="Available">280, 220, 106400, 53200, 0</specialColumn>
<specialColumn name="Utilization (%)">~0, 18, 13, 39, 0</specialColumn>
</table>
</item>
<item name = "Detail">
<section name = "" level="1">
<item name = "Instance"><table name="" hasTotal="1">
<keys size="7">Instance, Module, BRAM_18K, DSP, FF, LUT, URAM</keys>
<column name="grp_cnn_accelerator_Pipeline_VITIS_LOOP_40_2_VITIS_LOOP_41_3_fu_270">cnn_accelerator_Pipeline_VITIS_LOOP_40_2_VITIS_LOOP_41_3, 0, 0, 3405, 6327, 0</column>
<column name="control_s_axi_U">control_s_axi, 0, 0, 646, 1128, 0</column>
<column name="gmem_m_axi_U">gmem_m_axi, 2, 0, 770, 742, 0</column>
<column name="mul_32s_32s_32_2_1_U155">mul_32s_32s_32_2_1, 0, 3, 165, 50, 0</column>
<column name="mul_32s_32s_32_2_1_U156">mul_32s_32s_32_2_1, 0, 3, 165, 50, 0</column>
<column name="mul_32s_32s_32_2_1_U157">mul_32s_32s_32_2_1, 0, 3, 165, 50, 0</column>
<column name="mul_32s_32s_32_2_1_U158">mul_32s_32s_32_2_1, 0, 3, 165, 50, 0</column>
<column name="mul_32s_32s_32_2_1_U159">mul_32s_32s_32_2_1, 0, 3, 165, 50, 0</column>
<column name="mul_32s_32s_32_2_1_U160">mul_32s_32s_32_2_1, 0, 3, 165, 50, 0</column>
<column name="mul_32s_32s_32_2_1_U161">mul_32s_32s_32_2_1, 0, 3, 165, 50, 0</column>
<column name="mul_32s_32s_32_2_1_U162">mul_32s_32s_32_2_1, 0, 3, 165, 50, 0</column>
<column name="mul_32s_32s_32_2_1_U163">mul_32s_32s_32_2_1, 0, 3, 165, 50, 0</column>
<column name="mul_32s_32s_32_2_1_U164">mul_32s_32s_32_2_1, 0, 3, 165, 50, 0</column>
<column name="mul_32s_32s_32_2_1_U165">mul_32s_32s_32_2_1, 0, 3, 165, 50, 0</column>
<column name="mul_32s_32s_32_2_1_U166">mul_32s_32s_32_2_1, 0, 3, 165, 50, 0</column>
<column name="mul_32s_32s_62_2_1_U167">mul_32s_32s_62_2_1, 0, 4, 165, 50, 0</column>
</table>
</item>
<item name = "DSP"><table name="" hasTotal="0">
<keys size="3">Instance, Module, Expression</keys>
</table>
</item>
<item name = "Memory"><table name="" hasTotal="1">
<keys size="10">Memory, Module, BRAM_18K, FF, LUT, URAM, Words, Bits, Banks, W*Bits*Banks</keys>
</table>
</item>
<item name = "FIFO"><table name="" hasTotal="1">
<keys size="8">Name, BRAM_18K, FF, LUT, URAM, Depth, Bits, Size:D*B</keys>
</table>
</item>
<item name = "Expression"><table name="" hasTotal="1">
<keys size="7">Variable Name, Operation, DSP, FF, LUT, Bitwidth P0, Bitwidth P1</keys>
<column name="add_ln39_1_fu_559_p2">+, 0, 0, 69, 62, 62</column>
<column name="add_ln39_2_fu_564_p2">+, 0, 0, 43, 36, 36</column>
<column name="add_ln39_fu_575_p2">+, 0, 0, 13, 5, 1</column>
<column name="empty_102_fu_803_p2">+, 0, 0, 71, 64, 3</column>
<column name="empty_106_fu_832_p2">+, 0, 0, 71, 64, 4</column>
<column name="empty_110_fu_861_p2">+, 0, 0, 71, 64, 4</column>
<column name="empty_114_fu_911_p2">+, 0, 0, 71, 64, 4</column>
<column name="empty_118_fu_961_p2">+, 0, 0, 71, 64, 4</column>
<column name="empty_122_fu_1011_p2">+, 0, 0, 71, 64, 4</column>
<column name="empty_126_fu_1061_p2">+, 0, 0, 71, 64, 4</column>
<column name="empty_130_fu_1111_p2">+, 0, 0, 71, 64, 4</column>
<column name="empty_134_fu_1140_p2">+, 0, 0, 71, 64, 4</column>
<column name="empty_138_fu_1211_p2">+, 0, 0, 71, 64, 64</column>
<column name="empty_145_fu_1337_p2">+, 0, 0, 71, 64, 1</column>
<column name="empty_149_fu_1387_p2">+, 0, 0, 71, 64, 2</column>
<column name="empty_153_fu_1437_p2">+, 0, 0, 71, 64, 2</column>
<column name="empty_157_fu_1487_p2">+, 0, 0, 71, 64, 3</column>
<column name="empty_161_fu_1537_p2">+, 0, 0, 71, 64, 3</column>
<column name="empty_165_fu_1587_p2">+, 0, 0, 71, 64, 3</column>
<column name="empty_169_fu_1637_p2">+, 0, 0, 71, 64, 3</column>
<column name="empty_173_fu_1691_p2">+, 0, 0, 71, 64, 4</column>
<column name="empty_177_fu_1740_p2">+, 0, 0, 71, 64, 4</column>
<column name="empty_181_fu_1799_p2">+, 0, 0, 71, 64, 4</column>
<column name="empty_185_fu_1852_p2">+, 0, 0, 71, 64, 4</column>
<column name="empty_189_fu_1905_p2">+, 0, 0, 71, 64, 4</column>
<column name="empty_193_fu_1958_p2">+, 0, 0, 71, 64, 4</column>
<column name="empty_197_fu_2011_p2">+, 0, 0, 71, 64, 4</column>
<column name="empty_201_fu_2040_p2">+, 0, 0, 71, 64, 4</column>
<column name="empty_224_fu_2145_p2">+, 0, 0, 71, 64, 1</column>
<column name="empty_228_fu_2198_p2">+, 0, 0, 71, 64, 2</column>
<column name="empty_232_fu_2251_p2">+, 0, 0, 71, 64, 2</column>
<column name="empty_236_fu_2304_p2">+, 0, 0, 71, 64, 3</column>
<column name="empty_240_fu_2357_p2">+, 0, 0, 71, 64, 3</column>
<column name="empty_244_fu_2410_p2">+, 0, 0, 71, 64, 3</column>
<column name="empty_248_fu_2463_p2">+, 0, 0, 71, 64, 3</column>
<column name="empty_252_fu_2516_p2">+, 0, 0, 71, 64, 4</column>
<column name="empty_256_fu_2569_p2">+, 0, 0, 71, 64, 4</column>
<column name="empty_260_fu_2618_p2">+, 0, 0, 71, 64, 4</column>
<column name="empty_264_fu_2671_p2">+, 0, 0, 71, 64, 4</column>
<column name="empty_268_fu_2724_p2">+, 0, 0, 71, 64, 4</column>
<column name="empty_272_fu_2777_p2">+, 0, 0, 71, 64, 4</column>
<column name="empty_276_fu_2830_p2">+, 0, 0, 71, 64, 4</column>
<column name="empty_280_fu_2859_p2">+, 0, 0, 71, 64, 4</column>
<column name="empty_300_fu_2949_p2">+, 0, 0, 71, 64, 64</column>
<column name="empty_304_fu_3011_p2">+, 0, 0, 71, 64, 64</column>
<column name="empty_308_fu_3073_p2">+, 0, 0, 71, 64, 64</column>
<column name="empty_312_fu_3135_p2">+, 0, 0, 71, 64, 64</column>
<column name="empty_316_fu_3197_p2">+, 0, 0, 71, 64, 64</column>
<column name="empty_320_fu_3259_p2">+, 0, 0, 71, 64, 64</column>
<column name="empty_324_fu_3321_p2">+, 0, 0, 71, 64, 64</column>
<column name="empty_328_fu_3383_p2">+, 0, 0, 71, 64, 64</column>
<column name="empty_332_fu_3445_p2">+, 0, 0, 71, 64, 64</column>
<column name="empty_336_fu_3507_p2">+, 0, 0, 71, 64, 64</column>
<column name="empty_340_fu_3565_p2">+, 0, 0, 71, 64, 64</column>
<column name="empty_344_fu_3633_p2">+, 0, 0, 71, 64, 64</column>
<column name="empty_348_fu_3701_p2">+, 0, 0, 71, 64, 64</column>
<column name="empty_352_fu_3739_p2">+, 0, 0, 71, 64, 64</column>
<column name="empty_356_fu_3777_p2">+, 0, 0, 71, 64, 64</column>
<column name="empty_72_fu_1239_p2">+, 0, 0, 71, 64, 64</column>
<column name="empty_73_fu_1243_p2">+, 0, 0, 71, 64, 64</column>
<column name="empty_74_fu_585_p2">+, 0, 0, 71, 64, 64</column>
<column name="empty_78_fu_629_p2">+, 0, 0, 71, 64, 1</column>
<column name="empty_82_fu_658_p2">+, 0, 0, 71, 64, 2</column>
<column name="empty_86_fu_687_p2">+, 0, 0, 71, 64, 2</column>
<column name="empty_90_fu_716_p2">+, 0, 0, 71, 64, 3</column>
<column name="empty_94_fu_745_p2">+, 0, 0, 71, 64, 3</column>
<column name="empty_98_fu_774_p2">+, 0, 0, 71, 64, 3</column>
<column name="tmp13_fu_2940_p2">+, 0, 0, 43, 36, 1</column>
<column name="tmp14_fu_3002_p2">+, 0, 0, 43, 36, 2</column>
<column name="tmp15_fu_3064_p2">+, 0, 0, 43, 36, 2</column>
<column name="tmp16_fu_3126_p2">+, 0, 0, 43, 36, 3</column>
<column name="tmp17_fu_3188_p2">+, 0, 0, 43, 36, 3</column>
<column name="tmp18_fu_3250_p2">+, 0, 0, 43, 36, 3</column>
<column name="tmp19_fu_3312_p2">+, 0, 0, 43, 36, 3</column>
<column name="tmp20_fu_3374_p2">+, 0, 0, 43, 36, 4</column>
<column name="tmp21_fu_3436_p2">+, 0, 0, 43, 36, 4</column>
<column name="tmp22_fu_3498_p2">+, 0, 0, 43, 36, 4</column>
<column name="tmp23_fu_3556_p2">+, 0, 0, 43, 36, 4</column>
<column name="tmp24_fu_3624_p2">+, 0, 0, 43, 36, 4</column>
<column name="tmp25_fu_3692_p2">+, 0, 0, 43, 36, 4</column>
<column name="tmp26_fu_3730_p2">+, 0, 0, 43, 36, 4</column>
<column name="tmp27_fu_3768_p2">+, 0, 0, 43, 36, 4</column>
<column name="tmp2_fu_428_p2">+, 0, 0, 39, 32, 32</column>
<column name="tmp5_fu_458_p2">+, 0, 0, 39, 32, 32</column>
<column name="tmp6_fu_464_p2">+, 0, 0, 39, 32, 32</column>
<column name="tmp9_fu_488_p2">+, 0, 0, 39, 32, 32</column>
<column name="p_sub437_fu_476_p2">-, 0, 0, 39, 32, 32</column>
<column name="tmp10_fu_494_p2">-, 0, 0, 39, 32, 32</column>
<column name="tmp11_fu_500_p2">-, 0, 0, 39, 32, 32</column>
<column name="tmp1_fu_422_p2">-, 0, 0, 39, 32, 32</column>
<column name="tmp3_fu_446_p2">-, 0, 0, 39, 32, 32</column>
<column name="tmp4_fu_452_p2">-, 0, 0, 39, 32, 32</column>
<column name="tmp7_fu_482_p2">-, 0, 0, 39, 32, 32</column>
<column name="icmp_ln39_fu_569_p2">icmp, 0, 0, 14, 5, 6</column>
<column name="empty_100_fu_1201_p2">lshr, 0, 0, 100, 32, 32</column>
<column name="empty_104_fu_1258_p2">lshr, 0, 0, 100, 32, 32</column>
<column name="empty_108_fu_1327_p2">lshr, 0, 0, 100, 32, 32</column>
<column name="empty_112_fu_1377_p2">lshr, 0, 0, 100, 32, 32</column>
<column name="empty_116_fu_1427_p2">lshr, 0, 0, 100, 32, 32</column>
<column name="empty_120_fu_1477_p2">lshr, 0, 0, 100, 32, 32</column>
<column name="empty_124_fu_1527_p2">lshr, 0, 0, 100, 32, 32</column>
<column name="empty_128_fu_1577_p2">lshr, 0, 0, 100, 32, 32</column>
<column name="empty_132_fu_1627_p2">lshr, 0, 0, 100, 32, 32</column>
<column name="empty_136_fu_1677_p2">lshr, 0, 0, 100, 32, 32</column>
<column name="empty_141_fu_1731_p2">lshr, 0, 0, 92, 30, 30</column>
<column name="empty_144_fu_1790_p2">lshr, 0, 0, 84, 28, 28</column>
<column name="empty_148_fu_1843_p2">lshr, 0, 0, 84, 28, 28</column>
<column name="empty_152_fu_1896_p2">lshr, 0, 0, 84, 28, 28</column>
<column name="empty_156_fu_1949_p2">lshr, 0, 0, 84, 28, 28</column>
<column name="empty_160_fu_2002_p2">lshr, 0, 0, 84, 28, 28</column>
<column name="empty_164_fu_2084_p2">lshr, 0, 0, 84, 28, 28</column>
<column name="empty_168_fu_2108_p2">lshr, 0, 0, 84, 28, 28</column>
<column name="empty_172_fu_2132_p2">lshr, 0, 0, 84, 28, 28</column>
<column name="empty_176_fu_2185_p2">lshr, 0, 0, 84, 28, 28</column>
<column name="empty_180_fu_2238_p2">lshr, 0, 0, 84, 28, 28</column>
<column name="empty_184_fu_2291_p2">lshr, 0, 0, 84, 28, 28</column>
<column name="empty_188_fu_2344_p2">lshr, 0, 0, 84, 28, 28</column>
<column name="empty_192_fu_2397_p2">lshr, 0, 0, 84, 28, 28</column>
<column name="empty_196_fu_2450_p2">lshr, 0, 0, 84, 28, 28</column>
<column name="empty_200_fu_2503_p2">lshr, 0, 0, 84, 28, 28</column>
<column name="empty_204_fu_2556_p2">lshr, 0, 0, 84, 28, 28</column>
<column name="empty_223_fu_2609_p2">lshr, 0, 0, 75, 26, 26</column>
<column name="empty_227_fu_2662_p2">lshr, 0, 0, 75, 26, 26</column>
<column name="empty_231_fu_2715_p2">lshr, 0, 0, 75, 26, 26</column>
<column name="empty_235_fu_2768_p2">lshr, 0, 0, 75, 26, 26</column>
<column name="empty_239_fu_2821_p2">lshr, 0, 0, 75, 26, 26</column>
<column name="empty_243_fu_2903_p2">lshr, 0, 0, 75, 26, 26</column>
<column name="empty_247_fu_2927_p2">lshr, 0, 0, 75, 26, 26</column>
<column name="empty_251_fu_2989_p2">lshr, 0, 0, 75, 26, 26</column>
<column name="empty_255_fu_3051_p2">lshr, 0, 0, 75, 26, 26</column>
<column name="empty_259_fu_3113_p2">lshr, 0, 0, 75, 26, 26</column>
<column name="empty_263_fu_3175_p2">lshr, 0, 0, 75, 26, 26</column>
<column name="empty_267_fu_3237_p2">lshr, 0, 0, 75, 26, 26</column>
<column name="empty_271_fu_3299_p2">lshr, 0, 0, 75, 26, 26</column>
<column name="empty_275_fu_3361_p2">lshr, 0, 0, 75, 26, 26</column>
<column name="empty_279_fu_3423_p2">lshr, 0, 0, 75, 26, 26</column>
<column name="empty_283_fu_3485_p2">lshr, 0, 0, 75, 26, 26</column>
<column name="empty_303_fu_3547_p2">lshr, 0, 0, 92, 30, 30</column>
<column name="empty_307_fu_3615_p2">lshr, 0, 0, 92, 30, 30</column>
<column name="empty_311_fu_3683_p2">lshr, 0, 0, 92, 30, 30</column>
<column name="empty_315_fu_3827_p2">lshr, 0, 0, 92, 30, 30</column>
<column name="empty_319_fu_3857_p2">lshr, 0, 0, 92, 30, 30</column>
<column name="empty_323_fu_3887_p2">lshr, 0, 0, 92, 30, 30</column>
<column name="empty_327_fu_3917_p2">lshr, 0, 0, 92, 30, 30</column>
<column name="empty_331_fu_3947_p2">lshr, 0, 0, 92, 30, 30</column>
<column name="empty_335_fu_3977_p2">lshr, 0, 0, 92, 30, 30</column>
<column name="empty_339_fu_4007_p2">lshr, 0, 0, 92, 30, 30</column>
<column name="empty_343_fu_4037_p2">lshr, 0, 0, 92, 30, 30</column>
<column name="empty_347_fu_4067_p2">lshr, 0, 0, 92, 30, 30</column>
<column name="empty_351_fu_4097_p2">lshr, 0, 0, 92, 30, 30</column>
<column name="empty_355_fu_4127_p2">lshr, 0, 0, 92, 30, 30</column>
<column name="empty_359_fu_4157_p2">lshr, 0, 0, 92, 30, 30</column>
<column name="empty_76_fu_901_p2">lshr, 0, 0, 100, 32, 32</column>
<column name="empty_80_fu_951_p2">lshr, 0, 0, 100, 32, 32</column>
<column name="empty_84_fu_1001_p2">lshr, 0, 0, 100, 32, 32</column>
<column name="empty_88_fu_1051_p2">lshr, 0, 0, 100, 32, 32</column>
<column name="empty_92_fu_1101_p2">lshr, 0, 0, 100, 32, 32</column>
<column name="empty_96_fu_1180_p2">lshr, 0, 0, 100, 32, 32</column>
</table>
</item>
<item name = "Multiplexer"><table name="" hasTotal="1">
<keys size="5">Name, LUT, Input Size, Bits, Total Bits</keys>
<column name="ap_NS_fsm">393, 79, 1, 79</column>
<column name="gmem_0_ARADDR">289, 66, 64, 4224</column>
<column name="gmem_0_ARLEN">14, 3, 32, 96</column>
<column name="gmem_0_ARVALID">14, 3, 1, 3</column>
<column name="gmem_0_AWVALID">9, 2, 1, 2</column>
<column name="gmem_0_BREADY">9, 2, 1, 2</column>
<column name="gmem_0_RREADY">14, 3, 1, 3</column>
<column name="gmem_0_WVALID">9, 2, 1, 2</column>
<column name="gmem_blk_n_AR">9, 2, 1, 2</column>
<column name="gmem_blk_n_R">9, 2, 1, 2</column>
<column name="phi_mul7_fu_186">9, 2, 62, 124</column>
<column name="phi_mul_fu_190">9, 2, 36, 72</column>
<column name="to_fu_194">9, 2, 5, 10</column>
</table>
</item>
<item name = "Register"><table name="" hasTotal="1">
<keys size="5">Name, FF, LUT, Bits, Const Bits</keys>
<column name="Cin_cast_reg_4413">36, 0, 36, 0</column>
<column name="Cin_read_reg_4223">32, 0, 32, 0</column>
<column name="H_read_reg_4206">32, 0, 32, 0</column>
<column name="W_read_reg_4199">32, 0, 32, 0</column>
<column name="ap_CS_fsm">78, 0, 78, 0</column>
<column name="bh_10_reg_5738">4, 0, 4, 0</column>
<column name="bh_11_reg_5748">4, 0, 4, 0</column>
<column name="bh_12_reg_5758">4, 0, 4, 0</column>
<column name="bh_13_reg_5768">4, 0, 4, 0</column>
<column name="bh_14_reg_5773">4, 0, 4, 0</column>
<column name="bh_1_reg_5594">4, 0, 4, 0</column>
<column name="bh_2_reg_5615">4, 0, 4, 0</column>
<column name="bh_3_reg_5658">4, 0, 4, 0</column>
<column name="bh_4_reg_5668">4, 0, 4, 0</column>
<column name="bh_5_reg_5678">4, 0, 4, 0</column>
<column name="bh_6_reg_5688">4, 0, 4, 0</column>
<column name="bh_7_reg_5698">4, 0, 4, 0</column>
<column name="bh_8_reg_5708">4, 0, 4, 0</column>
<column name="bh_9_reg_5718">4, 0, 4, 0</column>
<column name="bh_reg_4912">4, 0, 4, 0</column>
<column name="bh_s_reg_5728">4, 0, 4, 0</column>
<column name="empty_101_reg_4682">8, 0, 8, 0</column>
<column name="empty_103_reg_4559">2, 0, 2, 0</column>
<column name="empty_105_reg_4736">8, 0, 8, 0</column>
<column name="empty_107_reg_4570">2, 0, 2, 0</column>
<column name="empty_109_reg_4763">8, 0, 8, 0</column>
<column name="empty_111_reg_4581">2, 0, 2, 0</column>
<column name="empty_113_reg_4779">8, 0, 8, 0</column>
<column name="empty_115_reg_4597">2, 0, 2, 0</column>
<column name="empty_117_reg_4795">8, 0, 8, 0</column>
<column name="empty_119_reg_4613">2, 0, 2, 0</column>
<column name="empty_121_reg_4811">8, 0, 8, 0</column>
<column name="empty_123_reg_4629">2, 0, 2, 0</column>
<column name="empty_125_reg_4827">8, 0, 8, 0</column>
<column name="empty_127_reg_4645">2, 0, 2, 0</column>
<column name="empty_129_reg_4843">8, 0, 8, 0</column>
<column name="empty_131_reg_4661">2, 0, 2, 0</column>
<column name="empty_133_reg_4859">8, 0, 8, 0</column>
<column name="empty_135_reg_4672">2, 0, 2, 0</column>
<column name="empty_137_reg_4875">8, 0, 8, 0</column>
<column name="empty_139_reg_4880">30, 0, 30, 0</column>
<column name="empty_140_reg_4693">2, 0, 2, 0</column>
<column name="empty_142_reg_4896">28, 0, 28, 0</column>
<column name="empty_143_reg_4747">2, 0, 2, 0</column>
<column name="empty_146_reg_4917">28, 0, 28, 0</column>
<column name="empty_147_reg_4774">2, 0, 2, 0</column>
<column name="empty_150_reg_4938">28, 0, 28, 0</column>
<column name="empty_151_reg_4790">2, 0, 2, 0</column>
<column name="empty_154_reg_4959">28, 0, 28, 0</column>
<column name="empty_155_reg_4806">2, 0, 2, 0</column>
<column name="empty_158_reg_4980">28, 0, 28, 0</column>
<column name="empty_159_reg_4822">2, 0, 2, 0</column>
<column name="empty_162_reg_5001">28, 0, 28, 0</column>
<column name="empty_163_reg_4838">2, 0, 2, 0</column>
<column name="empty_166_reg_5033">28, 0, 28, 0</column>
<column name="empty_167_reg_4854">2, 0, 2, 0</column>
<column name="empty_170_reg_5043">28, 0, 28, 0</column>
<column name="empty_171_reg_4870">2, 0, 2, 0</column>
<column name="empty_174_reg_5053">28, 0, 28, 0</column>
<column name="empty_175_reg_4891">2, 0, 2, 0</column>
<column name="empty_178_reg_5074">28, 0, 28, 0</column>
<column name="empty_179_reg_4907">2, 0, 2, 0</column>
<column name="empty_182_reg_5095">28, 0, 28, 0</column>
<column name="empty_183_reg_4928">2, 0, 2, 0</column>
<column name="empty_186_reg_5116">28, 0, 28, 0</column>
<column name="empty_187_reg_4949">2, 0, 2, 0</column>
<column name="empty_190_reg_5137">28, 0, 28, 0</column>
<column name="empty_191_reg_4970">2, 0, 2, 0</column>
<column name="empty_194_reg_5158">28, 0, 28, 0</column>
<column name="empty_195_reg_4991">2, 0, 2, 0</column>
<column name="empty_198_reg_5179">28, 0, 28, 0</column>
<column name="empty_199_reg_5012">2, 0, 2, 0</column>
<column name="empty_202_reg_5200">28, 0, 28, 0</column>
<column name="empty_203_reg_5023">2, 0, 2, 0</column>
<column name="empty_205_reg_4933">4, 0, 4, 0</column>
<column name="empty_206_reg_4954">4, 0, 4, 0</column>
<column name="empty_207_reg_4975">4, 0, 4, 0</column>
<column name="empty_208_reg_4996">4, 0, 4, 0</column>
<column name="empty_209_reg_5028">4, 0, 4, 0</column>
<column name="empty_210_reg_5038">4, 0, 4, 0</column>
<column name="empty_211_reg_5048">4, 0, 4, 0</column>
<column name="empty_212_reg_5058">4, 0, 4, 0</column>
<column name="empty_213_reg_5079">4, 0, 4, 0</column>
<column name="empty_214_reg_5100">4, 0, 4, 0</column>
<column name="empty_215_reg_5121">4, 0, 4, 0</column>
<column name="empty_216_reg_5142">4, 0, 4, 0</column>
<column name="empty_217_reg_5163">4, 0, 4, 0</column>
<column name="empty_218_reg_5184">4, 0, 4, 0</column>
<column name="empty_219_reg_5205">4, 0, 4, 0</column>
<column name="empty_220_reg_5221">4, 0, 4, 0</column>
<column name="empty_221_reg_5226">26, 0, 26, 0</column>
<column name="empty_222_reg_4758">2, 0, 2, 0</column>
<column name="empty_225_reg_5242">26, 0, 26, 0</column>
<column name="empty_226_reg_5069">2, 0, 2, 0</column>
<column name="empty_229_reg_5263">26, 0, 26, 0</column>
<column name="empty_230_reg_5090">2, 0, 2, 0</column>
<column name="empty_233_reg_5284">26, 0, 26, 0</column>
<column name="empty_234_reg_5111">2, 0, 2, 0</column>
<column name="empty_237_reg_5305">26, 0, 26, 0</column>
<column name="empty_238_reg_5132">2, 0, 2, 0</column>
<column name="empty_241_reg_5326">26, 0, 26, 0</column>
<column name="empty_242_reg_5153">2, 0, 2, 0</column>
<column name="empty_245_reg_5358">26, 0, 26, 0</column>
<column name="empty_246_reg_5174">2, 0, 2, 0</column>
<column name="empty_249_reg_5368">26, 0, 26, 0</column>
<column name="empty_250_reg_5195">2, 0, 2, 0</column>
<column name="empty_253_reg_5389">26, 0, 26, 0</column>
<column name="empty_254_reg_5216">2, 0, 2, 0</column>
<column name="empty_257_reg_5410">26, 0, 26, 0</column>
<column name="empty_258_reg_5237">2, 0, 2, 0</column>
<column name="empty_261_reg_5431">26, 0, 26, 0</column>
<column name="empty_262_reg_5253">2, 0, 2, 0</column>
<column name="empty_265_reg_5452">26, 0, 26, 0</column>
<column name="empty_266_reg_5274">2, 0, 2, 0</column>
<column name="empty_269_reg_5473">26, 0, 26, 0</column>
<column name="empty_270_reg_5295">2, 0, 2, 0</column>
<column name="empty_273_reg_5494">26, 0, 26, 0</column>
<column name="empty_274_reg_5316">2, 0, 2, 0</column>
<column name="empty_277_reg_5515">26, 0, 26, 0</column>
<column name="empty_278_reg_5337">2, 0, 2, 0</column>
<column name="empty_281_reg_5536">26, 0, 26, 0</column>
<column name="empty_282_reg_5348">2, 0, 2, 0</column>
<column name="empty_284_reg_5258">2, 0, 2, 0</column>
<column name="empty_285_reg_5279">2, 0, 2, 0</column>
<column name="empty_286_reg_5300">2, 0, 2, 0</column>
<column name="empty_287_reg_5321">2, 0, 2, 0</column>
<column name="empty_288_reg_5353">2, 0, 2, 0</column>
<column name="empty_289_reg_5363">2, 0, 2, 0</column>
<column name="empty_290_reg_5373">2, 0, 2, 0</column>
<column name="empty_291_reg_5394">2, 0, 2, 0</column>
<column name="empty_292_reg_5415">2, 0, 2, 0</column>
<column name="empty_293_reg_5436">2, 0, 2, 0</column>
<column name="empty_294_reg_5457">2, 0, 2, 0</column>
<column name="empty_295_reg_5478">2, 0, 2, 0</column>
<column name="empty_296_reg_5499">2, 0, 2, 0</column>
<column name="empty_297_reg_5520">2, 0, 2, 0</column>
<column name="empty_298_reg_5541">2, 0, 2, 0</column>
<column name="empty_299_reg_5557">2, 0, 2, 0</column>
<column name="empty_301_reg_5562">30, 0, 30, 0</column>
<column name="empty_302_reg_5384">2, 0, 2, 0</column>
<column name="empty_305_reg_5578">30, 0, 30, 0</column>
<column name="empty_306_reg_5405">2, 0, 2, 0</column>
<column name="empty_309_reg_5599">30, 0, 30, 0</column>
<column name="empty_310_reg_5426">2, 0, 2, 0</column>
<column name="empty_313_reg_5620">30, 0, 30, 0</column>
<column name="empty_314_reg_5447">2, 0, 2, 0</column>
<column name="empty_317_reg_5663">30, 0, 30, 0</column>
<column name="empty_318_reg_5468">2, 0, 2, 0</column>
<column name="empty_321_reg_5673">30, 0, 30, 0</column>
<column name="empty_322_reg_5489">2, 0, 2, 0</column>
<column name="empty_325_reg_5683">30, 0, 30, 0</column>
<column name="empty_326_reg_5510">2, 0, 2, 0</column>
<column name="empty_329_reg_5693">30, 0, 30, 0</column>
<column name="empty_330_reg_5531">2, 0, 2, 0</column>
<column name="empty_333_reg_5703">30, 0, 30, 0</column>
<column name="empty_334_reg_5552">2, 0, 2, 0</column>
<column name="empty_337_reg_5713">30, 0, 30, 0</column>
<column name="empty_338_reg_5573">2, 0, 2, 0</column>
<column name="empty_341_reg_5723">30, 0, 30, 0</column>
<column name="empty_342_reg_5589">2, 0, 2, 0</column>
<column name="empty_345_reg_5733">30, 0, 30, 0</column>
<column name="empty_346_reg_5610">2, 0, 2, 0</column>
<column name="empty_349_reg_5743">30, 0, 30, 0</column>
<column name="empty_350_reg_5631">2, 0, 2, 0</column>
<column name="empty_353_reg_5753">30, 0, 30, 0</column>
<column name="empty_354_reg_5642">2, 0, 2, 0</column>
<column name="empty_357_reg_5763">30, 0, 30, 0</column>
<column name="empty_358_reg_5653">2, 0, 2, 0</column>
<column name="empty_67_reg_4353">32, 0, 32, 0</column>
<column name="empty_70_reg_4373">32, 0, 32, 0</column>
<column name="empty_72_reg_4698">64, 0, 64, 0</column>
<column name="empty_73_reg_4717">64, 0, 64, 0</column>
<column name="empty_74_reg_4457">64, 0, 64, 0</column>
<column name="empty_75_reg_4482">2, 0, 2, 0</column>
<column name="empty_77_reg_4586">8, 0, 8, 0</column>
<column name="empty_79_reg_4493">2, 0, 2, 0</column>
<column name="empty_81_reg_4602">8, 0, 8, 0</column>
<column name="empty_83_reg_4504">2, 0, 2, 0</column>
<column name="empty_85_reg_4618">8, 0, 8, 0</column>
<column name="empty_87_reg_4515">2, 0, 2, 0</column>
<column name="empty_89_reg_4634">8, 0, 8, 0</column>
<column name="empty_91_reg_4526">2, 0, 2, 0</column>
<column name="empty_93_reg_4650">8, 0, 8, 0</column>
<column name="empty_95_reg_4537">2, 0, 2, 0</column>
<column name="empty_97_reg_4677">8, 0, 8, 0</column>
<column name="empty_99_reg_4548">2, 0, 2, 0</column>
<column name="empty_reg_4343">32, 0, 32, 0</column>
<column name="gmem_addr_10_reg_4591">64, 0, 64, 0</column>
<column name="gmem_addr_11_reg_4607">64, 0, 64, 0</column>
<column name="gmem_addr_12_reg_4623">64, 0, 64, 0</column>
<column name="gmem_addr_13_reg_4639">64, 0, 64, 0</column>
<column name="gmem_addr_14_reg_4655">64, 0, 64, 0</column>
<column name="gmem_addr_15_reg_4666">64, 0, 64, 0</column>
<column name="gmem_addr_16_reg_4687">64, 0, 64, 0</column>
<column name="gmem_addr_17_reg_4741">64, 0, 64, 0</column>
<column name="gmem_addr_18_reg_4768">64, 0, 64, 0</column>
<column name="gmem_addr_19_reg_4784">64, 0, 64, 0</column>
<column name="gmem_addr_1_reg_4487">64, 0, 64, 0</column>
<column name="gmem_addr_20_reg_4800">64, 0, 64, 0</column>
<column name="gmem_addr_21_reg_4816">64, 0, 64, 0</column>
<column name="gmem_addr_22_reg_4832">64, 0, 64, 0</column>
<column name="gmem_addr_23_reg_4848">64, 0, 64, 0</column>
<column name="gmem_addr_24_reg_4864">64, 0, 64, 0</column>
<column name="gmem_addr_25_reg_4885">64, 0, 64, 0</column>
<column name="gmem_addr_26_reg_4901">64, 0, 64, 0</column>
<column name="gmem_addr_27_reg_4922">64, 0, 64, 0</column>
<column name="gmem_addr_28_reg_4943">64, 0, 64, 0</column>
<column name="gmem_addr_29_reg_4964">64, 0, 64, 0</column>
<column name="gmem_addr_2_reg_4498">64, 0, 64, 0</column>
<column name="gmem_addr_30_reg_4985">64, 0, 64, 0</column>
<column name="gmem_addr_31_reg_5006">64, 0, 64, 0</column>
<column name="gmem_addr_32_reg_5017">64, 0, 64, 0</column>
<column name="gmem_addr_33_reg_4752">64, 0, 64, 0</column>
<column name="gmem_addr_34_reg_5063">64, 0, 64, 0</column>
<column name="gmem_addr_35_reg_5084">64, 0, 64, 0</column>
<column name="gmem_addr_36_reg_5105">64, 0, 64, 0</column>
<column name="gmem_addr_37_reg_5126">64, 0, 64, 0</column>
<column name="gmem_addr_38_reg_5147">64, 0, 64, 0</column>
<column name="gmem_addr_39_reg_5168">64, 0, 64, 0</column>
<column name="gmem_addr_3_reg_4509">64, 0, 64, 0</column>
<column name="gmem_addr_40_reg_5189">64, 0, 64, 0</column>
<column name="gmem_addr_41_reg_5210">64, 0, 64, 0</column>
<column name="gmem_addr_42_reg_5231">64, 0, 64, 0</column>
<column name="gmem_addr_43_reg_5247">64, 0, 64, 0</column>
<column name="gmem_addr_44_reg_5268">64, 0, 64, 0</column>
<column name="gmem_addr_45_reg_5289">64, 0, 64, 0</column>
<column name="gmem_addr_46_reg_5310">64, 0, 64, 0</column>
<column name="gmem_addr_47_reg_5331">64, 0, 64, 0</column>
<column name="gmem_addr_48_reg_5342">64, 0, 64, 0</column>
<column name="gmem_addr_49_reg_5378">64, 0, 64, 0</column>
<column name="gmem_addr_4_reg_4520">64, 0, 64, 0</column>
<column name="gmem_addr_50_reg_5399">64, 0, 64, 0</column>
<column name="gmem_addr_51_reg_5420">64, 0, 64, 0</column>
<column name="gmem_addr_52_reg_5441">64, 0, 64, 0</column>
<column name="gmem_addr_53_reg_5462">64, 0, 64, 0</column>
<column name="gmem_addr_54_reg_5483">64, 0, 64, 0</column>
<column name="gmem_addr_55_reg_5504">64, 0, 64, 0</column>
<column name="gmem_addr_56_reg_5525">64, 0, 64, 0</column>
<column name="gmem_addr_57_reg_5546">64, 0, 64, 0</column>
<column name="gmem_addr_58_reg_5567">64, 0, 64, 0</column>
<column name="gmem_addr_59_reg_5583">64, 0, 64, 0</column>
<column name="gmem_addr_5_reg_4531">64, 0, 64, 0</column>
<column name="gmem_addr_60_reg_5604">64, 0, 64, 0</column>
<column name="gmem_addr_61_reg_5625">64, 0, 64, 0</column>
<column name="gmem_addr_62_reg_5636">64, 0, 64, 0</column>
<column name="gmem_addr_63_reg_5647">64, 0, 64, 0</column>
<column name="gmem_addr_6_reg_4542">64, 0, 64, 0</column>
<column name="gmem_addr_7_reg_4553">64, 0, 64, 0</column>
<column name="gmem_addr_8_reg_4564">64, 0, 64, 0</column>
<column name="gmem_addr_9_reg_4575">64, 0, 64, 0</column>
<column name="gmem_addr_reg_4476">64, 0, 64, 0</column>
<column name="grp_cnn_accelerator_Pipeline_VITIS_LOOP_40_2_VITIS_LOOP_41_3_fu_270_ap_start_reg">1, 0, 1, 0</column>
<column name="input_r_read_reg_4268">64, 0, 64, 0</column>
<column name="mul17_114_reg_4338">32, 0, 32, 0</column>
<column name="mul17_1_1_reg_4378">32, 0, 32, 0</column>
<column name="mul17_1_2_reg_4383">32, 0, 32, 0</column>
<column name="mul17_1_3_reg_4388">32, 0, 32, 0</column>
<column name="mul17_1_4_reg_4393">32, 0, 32, 0</column>
<column name="mul17_1_5_reg_4398">32, 0, 32, 0</column>
<column name="mul17_1_6_reg_4403">32, 0, 32, 0</column>
<column name="mul17_1_7_reg_4408">32, 0, 32, 0</column>
<column name="mul17_3_reg_4348">32, 0, 32, 0</column>
<column name="mul17_5_reg_4358">32, 0, 32, 0</column>
<column name="mul17_6_reg_4363">32, 0, 32, 0</column>
<column name="mul17_7_reg_4368">32, 0, 32, 0</column>
<column name="output_r_read_reg_4228">64, 0, 64, 0</column>
<column name="p_cast379_reg_4450">64, 0, 64, 0</column>
<column name="p_sub437_reg_4303">32, 0, 32, 0</column>
<column name="phi_mul7_fu_186">62, 0, 62, 0</column>
<column name="phi_mul7_load_reg_4423">62, 0, 62, 0</column>
<column name="phi_mul_fu_190">36, 0, 36, 0</column>
<column name="phi_mul_load_reg_4428">36, 0, 36, 0</column>
<column name="precision_read_reg_4194">32, 0, 32, 0</column>
<column name="reg_412">32, 0, 32, 0</column>
<column name="tmp10_reg_4318">32, 0, 32, 0</column>
<column name="tmp11_reg_4323">32, 0, 32, 0</column>
<column name="tmp12_reg_4418">62, 0, 62, 0</column>
<column name="tmp1_reg_4273">32, 0, 32, 0</column>
<column name="tmp2_reg_4278">32, 0, 32, 0</column>
<column name="tmp3_reg_4283">32, 0, 32, 0</column>
<column name="tmp4_reg_4288">32, 0, 32, 0</column>
<column name="tmp5_reg_4293">32, 0, 32, 0</column>
<column name="tmp6_reg_4298">32, 0, 32, 0</column>
<column name="tmp7_reg_4308">32, 0, 32, 0</column>
<column name="tmp9_reg_4313">32, 0, 32, 0</column>
<column name="to_fu_194">5, 0, 5, 0</column>
<column name="weights2_read_reg_4233">64, 0, 64, 0</column>
<column name="weights4_read_reg_4238">64, 0, 64, 0</column>
<column name="weights6_read_reg_4243">64, 0, 64, 0</column>
<column name="weights8_read_reg_4263">64, 0, 64, 0</column>
</table>
</item>
</section>
</item>
</section>

<section name = "Interface" level="0">
<item name = "Summary"><table name="" hasTotal="0">
<keys size="6">RTL Ports, Dir, Bits, Protocol, Source Object, C Type</keys>
<column name="s_axi_control_AWVALID">in, 1, s_axi, control, scalar</column>
<column name="s_axi_control_AWREADY">out, 1, s_axi, control, scalar</column>
<column name="s_axi_control_AWADDR">in, 7, s_axi, control, scalar</column>
<column name="s_axi_control_WVALID">in, 1, s_axi, control, scalar</column>
<column name="s_axi_control_WREADY">out, 1, s_axi, control, scalar</column>
<column name="s_axi_control_WDATA">in, 32, s_axi, control, scalar</column>
<column name="s_axi_control_WSTRB">in, 4, s_axi, control, scalar</column>
<column name="s_axi_control_ARVALID">in, 1, s_axi, control, scalar</column>
<column name="s_axi_control_ARREADY">out, 1, s_axi, control, scalar</column>
<column name="s_axi_control_ARADDR">in, 7, s_axi, control, scalar</column>
<column name="s_axi_control_RVALID">out, 1, s_axi, control, scalar</column>
<column name="s_axi_control_RREADY">in, 1, s_axi, control, scalar</column>
<column name="s_axi_control_RDATA">out, 32, s_axi, control, scalar</column>
<column name="s_axi_control_RRESP">out, 2, s_axi, control, scalar</column>
<column name="s_axi_control_BVALID">out, 1, s_axi, control, scalar</column>
<column name="s_axi_control_BREADY">in, 1, s_axi, control, scalar</column>
<column name="s_axi_control_BRESP">out, 2, s_axi, control, scalar</column>
<column name="ap_clk">in, 1, ap_ctrl_hs, cnn_accelerator, return value</column>
<column name="ap_rst_n">in, 1, ap_ctrl_hs, cnn_accelerator, return value</column>
<column name="interrupt">out, 1, ap_ctrl_hs, cnn_accelerator, return value</column>
<column name="m_axi_gmem_AWVALID">out, 1, m_axi, gmem, pointer</column>
<column name="m_axi_gmem_AWREADY">in, 1, m_axi, gmem, pointer</column>
<column name="m_axi_gmem_AWADDR">out, 64, m_axi, gmem, pointer</column>
<column name="m_axi_gmem_AWID">out, 1, m_axi, gmem, pointer</column>
<column name="m_axi_gmem_AWLEN">out, 8, m_axi, gmem, pointer</column>
<column name="m_axi_gmem_AWSIZE">out, 3, m_axi, gmem, pointer</column>
<column name="m_axi_gmem_AWBURST">out, 2, m_axi, gmem, pointer</column>
<column name="m_axi_gmem_AWLOCK">out, 2, m_axi, gmem, pointer</column>
<column name="m_axi_gmem_AWCACHE">out, 4, m_axi, gmem, pointer</column>
<column name="m_axi_gmem_AWPROT">out, 3, m_axi, gmem, pointer</column>
<column name="m_axi_gmem_AWQOS">out, 4, m_axi, gmem, pointer</column>
<column name="m_axi_gmem_AWREGION">out, 4, m_axi, gmem, pointer</column>
<column name="m_axi_gmem_AWUSER">out, 1, m_axi, gmem, pointer</column>
<column name="m_axi_gmem_WVALID">out, 1, m_axi, gmem, pointer</column>
<column name="m_axi_gmem_WREADY">in, 1, m_axi, gmem, pointer</column>
<column name="m_axi_gmem_WDATA">out, 32, m_axi, gmem, pointer</column>
<column name="m_axi_gmem_WSTRB">out, 4, m_axi, gmem, pointer</column>
<column name="m_axi_gmem_WLAST">out, 1, m_axi, gmem, pointer</column>
<column name="m_axi_gmem_WID">out, 1, m_axi, gmem, pointer</column>
<column name="m_axi_gmem_WUSER">out, 1, m_axi, gmem, pointer</column>
<column name="m_axi_gmem_ARVALID">out, 1, m_axi, gmem, pointer</column>
<column name="m_axi_gmem_ARREADY">in, 1, m_axi, gmem, pointer</column>
<column name="m_axi_gmem_ARADDR">out, 64, m_axi, gmem, pointer</column>
<column name="m_axi_gmem_ARID">out, 1, m_axi, gmem, pointer</column>
<column name="m_axi_gmem_ARLEN">out, 8, m_axi, gmem, pointer</column>
<column name="m_axi_gmem_ARSIZE">out, 3, m_axi, gmem, pointer</column>
<column name="m_axi_gmem_ARBURST">out, 2, m_axi, gmem, pointer</column>
<column name="m_axi_gmem_ARLOCK">out, 2, m_axi, gmem, pointer</column>
<column name="m_axi_gmem_ARCACHE">out, 4, m_axi, gmem, pointer</column>
<column name="m_axi_gmem_ARPROT">out, 3, m_axi, gmem, pointer</column>
<column name="m_axi_gmem_ARQOS">out, 4, m_axi, gmem, pointer</column>
<column name="m_axi_gmem_ARREGION">out, 4, m_axi, gmem, pointer</column>
<column name="m_axi_gmem_ARUSER">out, 1, m_axi, gmem, pointer</column>
<column name="m_axi_gmem_RVALID">in, 1, m_axi, gmem, pointer</column>
<column name="m_axi_gmem_RREADY">out, 1, m_axi, gmem, pointer</column>
<column name="m_axi_gmem_RDATA">in, 32, m_axi, gmem, pointer</column>
<column name="m_axi_gmem_RLAST">in, 1, m_axi, gmem, pointer</column>
<column name="m_axi_gmem_RID">in, 1, m_axi, gmem, pointer</column>
<column name="m_axi_gmem_RUSER">in, 1, m_axi, gmem, pointer</column>
<column name="m_axi_gmem_RRESP">in, 2, m_axi, gmem, pointer</column>
<column name="m_axi_gmem_BVALID">in, 1, m_axi, gmem, pointer</column>
<column name="m_axi_gmem_BREADY">out, 1, m_axi, gmem, pointer</column>
<column name="m_axi_gmem_BRESP">in, 2, m_axi, gmem, pointer</column>
<column name="m_axi_gmem_BID">in, 1, m_axi, gmem, pointer</column>
<column name="m_axi_gmem_BUSER">in, 1, m_axi, gmem, pointer</column>
</table>
</item>
</section>
</profile>
