<pragmas>
<pragma file="C:/Xilinx/2025.1/Vitis/common/technology/autopilot\etc/ap_common.h" line="534" pragmaType="inline" parentfunction="ssdm_int<16, true>::ssdm_int(short)" off="0" region="0" recursive="0"/>
<pragma file="C:/Xilinx/2025.1/Vitis/common/technology/autopilot\etc/ap_common.h" line="542" pragmaType="inline" parentfunction="_ZN8ssdm_intILi2ELb0EEC2EDq2_j" off="0" region="0" recursive="0"/>
<pragma file="" line="0" pragmaType="inline" parentfunction="ap_int_base<16, true>::ap_int_base<8, true>(ap_int_base<8, true> const&)" off="0" region="0" recursive="0"/>
<pragma file="" line="0" pragmaType="inline" parentfunction="ap_int_base<2, true>::ap_int_base(int)" off="0" region="0" recursive="0"/>
<pragma file="" line="0" pragmaType="inline" parentfunction="ap_int_base<6, false>::ap_int_base(int)" off="0" region="0" recursive="0"/>
<pragma file="" line="0" pragmaType="inline" parentfunction="ap_range_ref<16, true>::ap_range_ref(ap_int_base<16, true>*, int, int)" off="0" region="0" recursive="0"/>
<pragma file="C:/Xilinx/2025.1/Vitis/common/technology/autopilot\etc/ap_common.h" line="542" pragmaType="inline" parentfunction="_ZN8ssdm_intILi4ELb0EEC2EDq4_j" off="0" region="0" recursive="0"/>
<pragma file="" line="0" pragmaType="inline" parentfunction="ap_int<16>::ap_int<16, true>(ap_int_base<16, true> const&)" off="0" region="0" recursive="0"/>
<pragma file="" line="0" pragmaType="inline" parentfunction="ap_int_base<6, false>::ap_int_base<4, ap_concat_ref<2, ap_int_base<2, true>, 2, ap_int_base<2, true> >, 2, ap_int_base<2, true> >(ap_concat_ref<4, ap_concat_ref<2, ap_int_base<2, true>, 2, ap_int_base<2, true> >, 2, ap_int_base<2, true> > const&)" off="0" region="0" recursive="0"/>
<pragma file="" line="0" pragmaType="inline" parentfunction="ap_int_base<4, false>::ap_int_base<2, ap_int_base<2, true>, 2, ap_int_base<2, true> >(ap_concat_ref<2, ap_int_base<2, true>, 2, ap_int_base<2, true> > const&)" off="0" region="0" recursive="0"/>
<pragma file="" line="0" pragmaType="inline" parentfunction="ap_int<8>::ap_int<4, ap_int_base<4, true>, 4, ap_int_base<4, true> >(ap_concat_ref<4, ap_int_base<4, true>, 4, ap_int_base<4, true> > const&)" off="0" region="0" recursive="0"/>
<pragma file="" line="0" pragmaType="inline" parentfunction="get" off="0" region="0" recursive="0"/>
<pragma file="" line="0" pragmaType="inline" parentfunction="ap_int_base<16, true>::ap_int_base(int)" off="0" region="0" recursive="0"/>
<pragma file="" line="0" pragmaType="inline" parentfunction="ap_concat_ref<4, ap_concat_ref<2, ap_int_base<2, true>, 2, ap_int_base<2, true> >, 2, ap_int_base<2, true> >::ap_concat_ref(ap_concat_ref<2, ap_int_base<2, true>, 2, ap_int_base<2, true> >&, ap_int_base<2, true>&)" off="0" region="0" recursive="0"/>
<pragma file="C:/Xilinx/2025.1/Vitis/common/technology/autopilot\etc/ap_common.h" line="534" pragmaType="inline" parentfunction="_ZN8ssdm_intILi2ELb1EEC2EDq2_i" off="0" region="0" recursive="0"/>
<pragma file="" line="0" pragmaType="inline" parentfunction="ap_int_base<2, true>::ap_int_base<8, true>(ap_int_base<8, true> const&)" off="0" region="0" recursive="0"/>
<pragma file="" line="0" pragmaType="inline" parentfunction="ap_int_base<4, false>::ap_int_base(int)" off="0" region="0" recursive="0"/>
<pragma file="C:/Xilinx/2025.1/Vitis/common/technology/autopilot\etc/ap_common.h" line="542" pragmaType="inline" parentfunction="ssdm_int<8, false>::ssdm_int(unsigned char)" off="0" region="0" recursive="0"/>
<pragma file="" line="0" pragmaType="inline" parentfunction="ap_int<8>::ap_int<8, true>(ap_int_base<8, true> const&)" off="0" region="0" recursive="0"/>
<pragma file="C:/Xilinx/2025.1/Vitis/common/technology/autopilot\etc/ap_common.h" line="534" pragmaType="inline" parentfunction="ssdm_int<8, true>::ssdm_int(signed char)" off="0" region="0" recursive="0"/>
<pragma file="" line="0" pragmaType="inline" parentfunction="length" off="0" region="0" recursive="0"/>
<pragma file="" line="0" pragmaType="inline" parentfunction="ap_int_base<8, true>::ap_int_base(int)" off="0" region="0" recursive="0"/>
<pragma file="" line="0" pragmaType="inline" parentfunction="get" off="0" region="0" recursive="0"/>
<pragma file="" line="0" pragmaType="inline" parentfunction="ap_concat_ref<6, ap_concat_ref<4, ap_concat_ref<2, ap_int_base<2, true>, 2, ap_int_base<2, true> >, 2, ap_int_base<2, true> >, 2, ap_int_base<2, true> >::ap_concat_ref(ap_concat_ref<4, ap_concat_ref<2, ap_int_base<2, true>, 2, ap_int_base<2, true> >, 2, ap_int_base<2, true> >&, ap_int_base<2, true>&)" off="0" region="0" recursive="0"/>
<pragma file="" line="0" pragmaType="inline" parentfunction="length" off="0" region="0" recursive="0"/>
<pragma file="" line="0" pragmaType="inline" parentfunction="get" off="0" region="0" recursive="0"/>
<pragma file="" line="0" pragmaType="inline" parentfunction="ap_concat_ref<2, ap_int_base<2, true>, 2, ap_int_base<2, true> >::ap_concat_ref(ap_int_base<2, true>&, ap_int_base<2, true>&)" off="0" region="0" recursive="0"/>
<pragma file="" line="0" pragmaType="inline" parentfunction="ap_concat_ref<4, ap_int_base<4, true>, 4, ap_int_base<4, true> > ap_int_base<4, true>::operator,<4, true>(ap_int_base<4, true>&)" off="0" region="0" recursive="0"/>
<pragma file="" line="0" pragmaType="inline" parentfunction="ap_int<4>::ap_int<16, true>(ap_range_ref<16, true> const&)" off="0" region="0" recursive="0"/>
<pragma file="" line="0" pragmaType="inline" parentfunction="ap_int_base<8, true>::ap_int_base<6, ap_concat_ref<4, ap_concat_ref<2, ap_int_base<2, true>, 2, ap_int_base<2, true> >, 2, ap_int_base<2, true> >, 2, ap_int_base<2, true> >(ap_concat_ref<6, ap_concat_ref<4, ap_concat_ref<2, ap_int_base<2, true>, 2, ap_int_base<2, true> >, 2, ap_int_base<2, true> >, 2, ap_int_base<2, true> > const&)" off="0" region="0" recursive="0"/>
<pragma file="C:/Xilinx/2025.1/Vitis/common/technology/autopilot\etc/ap_common.h" line="542" pragmaType="inline" parentfunction="_ZN8ssdm_intILi6ELb0EEC2EDq6_j" off="0" region="0" recursive="0"/>
<pragma file="" line="0" pragmaType="inline" parentfunction="ap_int_base<4, true>::RType<4, true>::mult operator*<4, true, 4, true>(ap_int_base<4, true> const&, ap_int_base<4, true> const&)" off="0" region="0" recursive="0"/>
<pragma file="" line="0" pragmaType="inline" parentfunction="ap_int_base<8, false>::ap_int_base(int)" off="0" region="0" recursive="0"/>
<pragma file="" line="0" pragmaType="inline" parentfunction="ap_int_base<2, false>::ap_int_base<2, true>(ap_int_base<2, true> const&)" off="0" region="0" recursive="0"/>
<pragma file="" line="0" pragmaType="inline" parentfunction="get" off="0" region="0" recursive="0"/>
<pragma file="" line="0" pragmaType="inline" parentfunction="ap_int_base<8, true>::ap_int_base<4, true>(ap_int_base<4, true> const&)" off="0" region="0" recursive="0"/>
<pragma file="" line="0" pragmaType="inline" parentfunction="ap_int_base<4, true>::ap_int_base<16, true>(ap_range_ref<16, true> const&)" off="0" region="0" recursive="0"/>
<pragma file="" line="0" pragmaType="inline" parentfunction="ap_int_base<8, true>::ap_int_base<4, ap_int_base<4, true>, 4, ap_int_base<4, true> >(ap_concat_ref<4, ap_int_base<4, true>, 4, ap_int_base<4, true> > const&)" off="0" region="0" recursive="0"/>
<pragma file="" line="0" pragmaType="inline" parentfunction="ap_int_base<33, true>::ap_int_base<6, true>(ap_int_base<6, true> const&)" off="0" region="0" recursive="0"/>
<pragma file="" line="0" pragmaType="inline" parentfunction="ap_int_base<33, true>::ap_int_base(int)" off="0" region="0" recursive="0"/>
<pragma file="" line="0" pragmaType="inline" parentfunction="ap_int_base<4, true>::ap_int_base<6, true>(ap_int_base<6, true> const&)" off="0" region="0" recursive="0"/>
<pragma file="" line="0" pragmaType="inline" parentfunction="ap_int_base<6, true>::ap_int_base(int)" off="0" region="0" recursive="0"/>
<pragma file="" line="0" pragmaType="inline" parentfunction="ap_int_base<6, true>::ap_int_base<8, true>(ap_int_base<8, true> const&)" off="0" region="0" recursive="0"/>
<pragma file="" line="0" pragmaType="inline" parentfunction="ap_int_base<41, true>::ap_int_base<32, true>(ap_int_base<32, true> const&)" off="0" region="0" recursive="0"/>
<pragma file="" line="0" pragmaType="inline" parentfunction="ap_int_base<41, true>::ap_int_base<40, true>(ap_int_base<40, true> const&)" off="0" region="0" recursive="0"/>
<pragma file="" line="0" pragmaType="inline" parentfunction="ap_int<41>::ap_int<41, true>(ap_int_base<41, true> const&)" off="0" region="0" recursive="0"/>
<pragma file="" line="0" pragmaType="inline" parentfunction="ap_int<32>::ap_int<8>(ap_int<8> const&)" off="0" region="0" recursive="0"/>
<pragma file="" line="0" pragmaType="inline" parentfunction="ap_int<32>::ap_int<41>(ap_int<41> const&)" off="0" region="0" recursive="0"/>
<pragma file="C:/Xilinx/2025.1/Vitis/common/technology/autopilot\etc/ap_common.h" line="534" pragmaType="inline" parentfunction="_ZN8ssdm_intILi41ELb1EEC2EDq41_i" off="0" region="0" recursive="0"/>
<pragma file="" line="0" pragmaType="inline" parentfunction="ap_int_base<4, true>::ap_int_base(int)" off="0" region="0" recursive="0"/>
<pragma file="" line="0" pragmaType="inline" parentfunction="ap_int_base<32, true>::RType<40, true>::plus operator+<32, true, 40, true>(ap_int_base<32, true> const&, ap_int_base<40, true> const&)" off="0" region="0" recursive="0"/>
<pragma file="C:/Xilinx/2025.1/Vitis/common/technology/autopilot\etc/ap_common.h" line="534" pragmaType="inline" parentfunction="_ZN8ssdm_intILi33ELb1EEC2EDq33_i" off="0" region="0" recursive="0"/>
<pragma file="" line="0" pragmaType="inline" parentfunction="ap_concat_ref<4, ap_int_base<4, true>, 4, ap_int_base<4, true> >::ap_concat_ref(ap_int_base<4, true>&, ap_int_base<4, true>&)" off="0" region="0" recursive="0"/>
<pragma file="./approx_mac.h" line="14" pragmaType="inline" parentfunction="approx_mul6" off="0" region="0" recursive="0"/>
<pragma file="" line="0" pragmaType="inline" parentfunction="ap_int_base<4, false>::ap_int_base<4, true>(ap_int_base<4, true> const&)" off="0" region="0" recursive="0"/>
<pragma file="" line="0" pragmaType="inline" parentfunction="ap_int<33>::ap_int<33, true>(ap_int_base<33, true> const&)" off="0" region="0" recursive="0"/>
<pragma file="" line="0" pragmaType="inline" parentfunction="ap_int<4>::ap_int<6>(ap_int<6> const&)" off="0" region="0" recursive="0"/>
<pragma file="C:/Xilinx/2025.1/Vitis/common/technology/autopilot\etc/ap_common.h" line="534" pragmaType="inline" parentfunction="ssdm_int<32, true>::ssdm_int(int)" off="0" region="0" recursive="0"/>
<pragma file="" line="0" pragmaType="inline" parentfunction="ap_int_base<33, true>::ap_int_base<32, true>(ap_int_base<32, true> const&)" off="0" region="0" recursive="0"/>
<pragma file="" line="0" pragmaType="inline" parentfunction="ap_int_base<8, true>::RType<8, true>::arg1 operator<<<8, true>(ap_int_base<8, true> const&, int)" off="0" region="0" recursive="0"/>
<pragma file="" line="0" pragmaType="inline" parentfunction="ap_int<6>::ap_int<6, true>(ap_int_base<6, true> const&)" off="0" region="0" recursive="0"/>
<pragma file="C:/Xilinx/2025.1/Vitis/common/technology/autopilot\etc/ap_common.h" line="534" pragmaType="inline" parentfunction="_ZN8ssdm_intILi6ELb1EEC2EDq6_i" off="0" region="0" recursive="0"/>
<pragma file="" line="0" pragmaType="inline" parentfunction="ap_int<32>::ap_int<33>(ap_int<33> const&)" off="0" region="0" recursive="0"/>
<pragma file="" line="0" pragmaType="inline" parentfunction="ap_int_base<41, true>::ap_int_base(int)" off="0" region="0" recursive="0"/>
<pragma file="C:/Xilinx/2025.1/Vitis/common/technology/autopilot\etc/ap_common.h" line="534" pragmaType="inline" parentfunction="_ZN8ssdm_intILi4ELb1EEC2EDq4_i" off="0" region="0" recursive="0"/>
<pragma file="" line="0" pragmaType="inline" parentfunction="ap_int_base<40, true>::ap_int_base<32, true>(ap_int_base<32, true> const&)" off="0" region="0" recursive="0"/>
<pragma file="" line="0" pragmaType="inline" parentfunction="ap_int<40>::ap_int<40, true>(ap_int_base<40, true> const&)" off="0" region="0" recursive="0"/>
<pragma file="C:/Xilinx/2025.1/Vitis/common/technology/autopilot\etc/ap_common.h" line="534" pragmaType="inline" parentfunction="_ZN8ssdm_intILi40ELb1EEC2EDq40_i" off="0" region="0" recursive="0"/>
<pragma file="" line="0" pragmaType="inline" parentfunction="ap_int_base<32, true>::ap_int_base<8, true>(ap_int_base<8, true> const&)" off="0" region="0" recursive="0"/>
<pragma file="" line="0" pragmaType="inline" parentfunction="ap_int_base<40, true>::ap_int_base<8, true>(ap_int_base<8, true> const&)" off="0" region="0" recursive="0"/>
<pragma file="" line="0" pragmaType="inline" parentfunction="ap_int_base<32, true>::RType<8, true>::mult operator*<32, true, 8, true>(ap_int_base<32, true> const&, ap_int_base<8, true> const&)" off="0" region="0" recursive="0"/>
<pragma file="" line="0" pragmaType="inline" parentfunction="ap_int_base<32, true>::ap_int_base<41, true>(ap_int_base<41, true> const&)" off="0" region="0" recursive="0"/>
<pragma file="" line="0" pragmaType="inline" parentfunction="ap_int_base<32, true>::ap_int_base(int)" off="0" region="0" recursive="0"/>
<pragma file="" line="0" pragmaType="inline" parentfunction="ap_int_base<6, true>::RType<6, true>::arg1 operator>><6, true>(ap_int_base<6, true> const&, int)" off="0" region="0" recursive="0"/>
<pragma file="" line="0" pragmaType="inline" parentfunction="ap_int_base<40, true>::ap_int_base(int)" off="0" region="0" recursive="0"/>
<pragma file="" line="0" pragmaType="inline" parentfunction="ap_int_base<32, true>::RType<6, true>::plus operator+<32, true, 6, true>(ap_int_base<32, true> const&, ap_int_base<6, true> const&)" off="0" region="0" recursive="0"/>
<pragma file="" line="0" pragmaType="inline" parentfunction="ap_int_base<32, true>::ap_int_base<33, true>(ap_int_base<33, true> const&)" off="0" region="0" recursive="0"/>
<pragma file="" line="0" pragmaType="inline" parentfunction="ap_int_base<4, true>::ap_int_base<8, true>(ap_int_base<8, true> const&)" off="0" region="0" recursive="0"/>
<pragma file="" line="0" pragmaType="inline" parentfunction="ap_int<2>::ap_int(int)" off="0" region="0" recursive="0"/>
<pragma file="" line="0" pragmaType="inline" parentfunction="ap_int<2>::ap_int<8>(ap_int<8> const&)" off="0" region="0" recursive="0"/>
<pragma file="" line="0" pragmaType="inline" parentfunction="ap_concat_ref<2, ap_int_base<2, true>, 2, ap_int_base<2, true> > ap_int_base<2, true>::operator,<2, true>(ap_int_base<2, true>&)" off="0" region="0" recursive="0"/>
<pragma file="./approx_mac.h" line="22" pragmaType="inline" parentfunction="mac_int6" off="0" region="0" recursive="0"/>
<pragma file="" line="0" pragmaType="inline" parentfunction="ap_int<4>::ap_int(int)" off="0" region="0" recursive="0"/>
<pragma file="" line="0" pragmaType="inline" parentfunction="ap_concat_ref<4, ap_concat_ref<2, ap_int_base<2, true>, 2, ap_int_base<2, true> >, 2, ap_int_base<2, true> > ap_concat_ref<2, ap_int_base<2, true>, 2, ap_int_base<2, true> >::operator,<2, true>(ap_int_base<2, true>&)" off="0" region="0" recursive="0"/>
<pragma file="" line="0" pragmaType="inline" parentfunction="ap_concat_ref<6, ap_concat_ref<4, ap_concat_ref<2, ap_int_base<2, true>, 2, ap_int_base<2, true> >, 2, ap_int_base<2, true> >, 2, ap_int_base<2, true> > ap_concat_ref<4, ap_concat_ref<2, ap_int_base<2, true>, 2, ap_int_base<2, true> >, 2, ap_int_base<2, true> >::operator,<2, true>(ap_int_base<2, true>&)" off="0" region="0" recursive="0"/>
<pragma file="" line="0" pragmaType="inline" parentfunction="ap_int<8>::ap_int<6, ap_concat_ref<4, ap_concat_ref<2, ap_int_base<2, true>, 2, ap_int_base<2, true> >, 2, ap_int_base<2, true> >, 2, ap_int_base<2, true> >(ap_concat_ref<6, ap_concat_ref<4, ap_concat_ref<2, ap_int_base<2, true>, 2, ap_int_base<2, true> >, 2, ap_int_base<2, true> >, 2, ap_int_base<2, true> > const&)" off="0" region="0" recursive="0"/>
<pragma file="" line="0" pragmaType="inline" parentfunction="ap_int_base<8, true>::RType<8, true>::mult operator*<8, true, 8, true>(ap_int_base<8, true> const&, ap_int_base<8, true> const&)" off="0" region="0" recursive="0"/>
<pragma file="./pe.h" line="15" pragmaType="inline" parentfunction="pe_compute" off="0" region="0" recursive="0"/>
<pragma file="./approx_mac.h" line="31" pragmaType="inline" parentfunction="mac_int4_pack" off="0" region="0" recursive="0"/>
<pragma file="./approx_mac.h" line="36" pragmaType="bind_op" parentfunction="mac_int4_pack" op="12" impl="3" latency="-1"/>
<pragma file="" line="0" pragmaType="inline" parentfunction="range" off="0" region="0" recursive="0"/>
<pragma file="" line="0" pragmaType="inline" parentfunction="ap_int_base<16, false>::ap_int_base<16, true>(ap_range_ref<16, true> const&)" off="0" region="0" recursive="0"/>
<pragma file="accelerator.cpp" line="42" pragmaType="pipeline" parentfunction="cnn_accelerator" off="0" ii="1" rewind="0" style=""/>
<pragma file="accelerator.cpp" line="59" pragmaType="unroll" parentfunction="cnn_accelerator" factor="-1" skip_exit_check="0"/>
<pragma file="accelerator.cpp" line="17" pragmaType="interface" parentfunction="cnn_accelerator" mode="m_axi" port="input" bundle="gmem" offset="" name="" depth="-1" num_read_outstanding="-1" num_write_outstanding="-1" max_burst_read_length="-1" max_burst_write_length="-1" latency="-1" max_widen_bitwidth="-1" channel=""/>
<pragma file="accelerator.cpp" line="18" pragmaType="interface" parentfunction="cnn_accelerator" mode="m_axi" port="weights8" bundle="gmem" offset="" name="" depth="-1" num_read_outstanding="-1" num_write_outstanding="-1" max_burst_read_length="-1" max_burst_write_length="-1" latency="-1" max_widen_bitwidth="-1" channel=""/>
<pragma file="accelerator.cpp" line="19" pragmaType="interface" parentfunction="cnn_accelerator" mode="m_axi" port="weights6" bundle="gmem" offset="" name="" depth="-1" num_read_outstanding="-1" num_write_outstanding="-1" max_burst_read_length="-1" max_burst_write_length="-1" latency="-1" max_widen_bitwidth="-1" channel=""/>
<pragma file="accelerator.cpp" line="20" pragmaType="interface" parentfunction="cnn_accelerator" mode="m_axi" port="weights4" bundle="gmem" offset="" name="" depth="-1" num_read_outstanding="-1" num_write_outstanding="-1" max_burst_read_length="-1" max_burst_write_length="-1" latency="-1" max_widen_bitwidth="-1" channel=""/>
<pragma file="accelerator.cpp" line="21" pragmaType="interface" parentfunction="cnn_accelerator" mode="m_axi" port="weights2" bundle="gmem" offset="" name="" depth="-1" num_read_outstanding="-1" num_write_outstanding="-1" max_burst_read_length="-1" max_burst_write_length="-1" latency="-1" max_widen_bitwidth="-1" channel=""/>
<pragma file="accelerator.cpp" line="22" pragmaType="interface" parentfunction="cnn_accelerator" mode="m_axi" port="output" bundle="gmem" offset="" name="" depth="-1" num_read_outstanding="-1" num_write_outstanding="-1" max_burst_read_length="-1" max_burst_write_length="-1" latency="-1" max_widen_bitwidth="-1" channel=""/>
<pragma file="accelerator.cpp" line="24" pragmaType="interface" parentfunction="cnn_accelerator" mode="s_axilite" port="precision" bundle="" offset="-1" name="" clock="" impl="" register="0"/>
<pragma file="accelerator.cpp" line="25" pragmaType="interface" parentfunction="cnn_accelerator" mode="s_axilite" port="Cin" bundle="" offset="-1" name="" clock="" impl="" register="0"/>
<pragma file="accelerator.cpp" line="26" pragmaType="interface" parentfunction="cnn_accelerator" mode="s_axilite" port="Cout" bundle="" offset="-1" name="" clock="" impl="" register="0"/>
<pragma file="accelerator.cpp" line="27" pragmaType="interface" parentfunction="cnn_accelerator" mode="s_axilite" port="H" bundle="" offset="-1" name="" clock="" impl="" register="0"/>
<pragma file="accelerator.cpp" line="28" pragmaType="interface" parentfunction="cnn_accelerator" mode="s_axilite" port="W" bundle="" offset="-1" name="" clock="" impl="" register="0"/>
<pragma file="accelerator.cpp" line="29" pragmaType="interface" parentfunction="cnn_accelerator" mode="s_axilite" port="" bundle="" offset="-1" name="" clock="" impl="" register="0"/>
<pragma file="accelerator.cpp" line="35" pragmaType="bind_storage" parentfunction="cnn_accelerator" op="666" impl="22" latency="-1" variable="_ZZ15cnn_acceleratorP6ap_intILi8EES1_PS_ILi6EEPS_ILi4EEPS_ILi2EEPS_ILi32EEiiiiiE6in_buf"/>
<pragma file="accelerator.cpp" line="36" pragmaType="bind_storage" parentfunction="cnn_accelerator" op="666" impl="22" latency="-1" variable="_ZZ15cnn_acceleratorP6ap_intILi8EES1_PS_ILi6EEPS_ILi4EEPS_ILi2EEPS_ILi32EEiiiiiE7out_buf"/>
<pragma file="accelerator.cpp" line="55" pragmaType="array_partition" parentfunction="cnn_accelerator" dim="1" factor="0" mode="complete" dynamic="0" variable="act"/>
<pragma file="accelerator.cpp" line="56" pragmaType="array_partition" parentfunction="cnn_accelerator" dim="1" factor="0" mode="complete" dynamic="0" variable="partial"/>
<pragma file="" line="0" pragmaType="inline" parentfunction="get" off="0" region="0" recursive="0"/>
<pragma file="./systolic_array.h" line="19" pragmaType="unroll" parentfunction="systolic_array" factor="-1" skip_exit_check="0"/>
<pragma file="./systolic_array.h" line="15" pragmaType="array_partition" parentfunction="systolic_array" dim="1" factor="0" mode="complete" dynamic="0" variable="act"/>
<pragma file="./systolic_array.h" line="16" pragmaType="array_partition" parentfunction="systolic_array" dim="1" factor="0" mode="complete" dynamic="0" variable="psum"/>
<pragma file="" line="0" pragmaType="inline" parentfunction="ap_int<32>::ap_int(int)" off="0" region="0" recursive="0"/>
<pragma file="" line="0" pragmaType="inline" parentfunction="ap_int<4>::ap_int<8>(ap_int<8> const&)" off="0" region="0" recursive="0"/>
<pragma file="./approx_mac.h" line="51" pragmaType="inline" parentfunction="mac_int2_pack" off="0" region="0" recursive="0"/>
<pragma file="./approx_mac.h" line="56" pragmaType="bind_op" parentfunction="mac_int2_pack" op="12" impl="3" latency="-1"/>
<pragma file="" line="0" pragmaType="inline" parentfunction="ap_int<6>::ap_int<8>(ap_int<8> const&)" off="0" region="0" recursive="0"/>
<pragma file="" line="0" pragmaType="inline" parentfunction="ap_int_base<32, true>& ap_int_base<32, true>::operator+=<32, true>(ap_int_base<32, true> const&)" off="0" region="0" recursive="0"/>
<pragma file="" line="0" pragmaType="inline" parentfunction="checkOverflowCsim" off="0" region="0" recursive="0"/>
<pragma file="" line="0" pragmaType="inline" parentfunction="checkOverflowCsim" off="0" region="0" recursive="0"/>
<pragma file="" line="0" pragmaType="inline" parentfunction="checkOverflowCsim" off="0" region="0" recursive="0"/>
<pragma file="" line="0" pragmaType="inline" parentfunction="checkOverflowBaseC" off="0" region="0" recursive="0"/>
<pragma file="" line="0" pragmaType="inline" parentfunction="length" off="0" region="0" recursive="0"/>
<pragma file="" line="0" pragmaType="inline" parentfunction="length" off="0" region="0" recursive="0"/>
<pragma file="" line="0" pragmaType="inline" parentfunction="checkOverflowBaseC" off="0" region="0" recursive="0"/>
<pragma file="" line="0" pragmaType="inline" parentfunction="checkOverflowBaseC" off="0" region="0" recursive="0"/>
<pragma file="" line="0" pragmaType="inline" parentfunction="ap_int_base<32, true>& operator+=<32, true, 16, true>(ap_int_base<32, true>&, ap_range_ref<16, true> const&)" off="0" region="0" recursive="0"/>
<pragma file="" line="0" pragmaType="inline" parentfunction="ap_int_base<32, true>& ap_int_base<32, true>::operator+=<16, false>(ap_int_base<16, false> const&)" off="0" region="0" recursive="0"/>
<pragma file="" line="0" pragmaType="inline" parentfunction="ap_int_base<32, true>& ap_int_base<32, true>::operator+=<8, true>(ap_int_base<8, true> const&)" off="0" region="0" recursive="0"/>
<pragma file="" line="0" pragmaType="inline" parentfunction="checkOverflowCsim" off="0" region="0" recursive="0"/>
</pragmas>
