{
  "0": {
    "basicblocks": 7,
    "calls": "1 1",
    "control_depth": 0,
    "def_use_depth": 16,
    "file": "accelerator.cpp",
    "fileloc": 4,
    "instructions": 563,
    "loads": {
      "L": 16,
      "T": 32
    },
    "memory_accesses": 131,
    "name": "cnn_accelerator",
    "stores": {
      "L": 96
    },
    "total_instructions": 1733
  },
  "1": {
    "basicblocks": 41,
    "calls": "",
    "control_depth": 0,
    "def_use_depth": 7,
    "file": "systolic_array.h",
    "fileloc": 6,
    "instructions": 585,
    "loads": {
      "L": 48
    },
    "memory_accesses": 0,
    "name": "systolic_array",
    "stores": {
      "L": 8
    },
    "total_instructions": 585
  }
}