{
  "0": {
    "basicblocks": 37,
    "calls": "5",
    "control_depth": 1,
    "def_use_depth": 7,
    "file": "accelerator.cpp",
    "fileloc": 4,
    "instructions": 186,
    "loads": {
      "L": 2,
      "T": 5
    },
    "memory_accesses": 14,
    "name": "cnn_accelerator",
    "stores": {
      "L": 6,
      "T": 1
    },
    "total_instructions": 3131
  },
  "1": {
    "basicblocks": 1,
    "calls": "",
    "control_depth": 0,
    "def_use_depth": 1,
    "file": "approx_mac.h",
    "fileloc": 46,
    "instructions": 89,
    "loads": {
      "L": 1
    },
    "memory_accesses": 0,
    "name": "mac_int2_pack",
    "stores": {
      "L": 1
    },
    "total_instructions": 1057
  },
  "2": {
    "basicblocks": 1,
    "calls": "4",
    "control_depth": 0,
    "def_use_depth": 1,
    "file": "approx_mac.h",
    "fileloc": 21,
    "instructions": 22,
    "loads": {
      "L": 2
    },
    "memory_accesses": 0,
    "name": "mac_int6",
    "stores": {
      "L": 2
    },
    "total_instructions": 511
  },
  "3": {
    "basicblocks": 1,
    "calls": "",
    "control_depth": 0,
    "def_use_depth": 1,
    "file": "approx_mac.h",
    "fileloc": 7,
    "instructions": 24,
    "memory_accesses": 0,
    "name": "mac_int8",
    "total_instructions": 260
  },
  "4": {
    "basicblocks": 1,
    "calls": "",
    "control_depth": 0,
    "def_use_depth": 1,
    "file": "approx_mac.h",
    "fileloc": 13,
    "instructions": 43,
    "memory_accesses": 0,
    "name": "approx_mul6",
    "total_instructions": 371
  },
  "5": {
    "basicblocks": 7,
    "calls": "6",
    "control_depth": 1,
    "def_use_depth": 2,
    "file": "systolic_array.h",
    "fileloc": 6,
    "instructions": 52,
    "loads": {
      "L": 7
    },
    "memory_accesses": 15,
    "name": "systolic_array",
    "stores": {
      "L": 7
    },
    "total_instructions": 2906
  },
  "6": {
    "basicblocks": 7,
    "calls": "1 7 2 3",
    "control_depth": 0,
    "def_use_depth": 1,
    "file": "pe.h",
    "fileloc": 6,
    "instructions": 62,
    "loads": {
      "L": 10
    },
    "memory_accesses": 0,
    "name": "pe_compute",
    "stores": {
      "L": 10
    },
    "total_instructions": 2854
  },
  "7": {
    "basicblocks": 1,
    "calls": "",
    "control_depth": 0,
    "def_use_depth": 1,
    "file": "approx_mac.h",
    "fileloc": 27,
    "instructions": 101,
    "loads": {
      "L": 1
    },
    "memory_accesses": 0,
    "name": "mac_int4_pack",
    "stores": {
      "L": 1
    },
    "total_instructions": 711
  }
}