{
  "0": {
    "basicblocks": 7,
    "calls": "1 1",
    "control_depth": 0,
    "def_use_depth": 5,
    "file": "accelerator.cpp",
    "fileloc": 4,
    "instructions": 507,
    "loads": {
      "L": 16,
      "T": 32
    },
    "memory_accesses": 115,
    "name": "cnn_accelerator",
    "stores": {
      "L": 80
    },
    "total_instructions": 1661
  },
  "1": {
    "basicblocks": 41,
    "calls": "",
    "control_depth": 0,
    "def_use_depth": 6,
    "file": "systolic_array.h",
    "fileloc": 6,
    "instructions": 577,
    "loads": {
      "L": 40
    },
    "memory_accesses": 0,
    "name": "systolic_array",
    "stores": {
      "L": 8
    },
    "total_instructions": 577
  }
}