{
    "1": {
        "name": "cnn_accelerator_Pipeline_VITIS_LOOP_40_2_VITIS_LOOP_41_3",
        "file": "accelerator.cpp",
        "fileloc": "40",
        "instructions": "707",
        "total_instructions": "707",
        "calls": "",
        "basicblocks": "88",
        "memory_accesses": "41",
        "control_depth": "2",
        "def_use_depth": "2",
        "loads": {
            "L": "3"
        },
        "stores": {
            "L": "6"
        },
        "loops": {
            "L": "1"
        }
    },
    "0": {
        "name": "cnn_accelerator",
        "file": "accelerator.cpp",
        "fileloc": "4",
        "instructions": "881",
        "total_instructions": "1588",
        "calls": "1",
        "basicblocks": "4",
        "memory_accesses": "0",
        "control_depth": "0",
        "def_use_depth": "4",
        "loads": {
            "L": "3"
        },
        "stores": {
            "L": "6"
        },
        "loops": {
            "L": "1"
        }
    }
}
