{
  "0": {
    "basicblocks": 7,
    "calls": "1 1",
    "control_depth": 0,
    "def_use_depth": 16,
    "file": "accelerator.cpp",
    "fileloc": 4,
    "instructions": 510,
    "loads": {
      "L": 16,
      "T": 80
    },
    "memory_accesses": 131,
    "name": "cnn_accelerator",
    "stores": {
      "L": 96,
      "T": 1
    },
    "total_instructions": 1832
  },
  "1": {
    "basicblocks": 49,
    "calls": "",
    "control_depth": 0,
    "def_use_depth": 8,
    "file": "systolic_array.h",
    "fileloc": 6,
    "instructions": 661,
    "loads": {
      "L": 56
    },
    "memory_accesses": 0,
    "name": "systolic_array",
    "stores": {
      "L": 48
    },
    "total_instructions": 661
  }
}