<dict>
  <key>main-file</key>
  <string>C:/Users/ishan/ECT_110_vitis/cnn/cnn/hls/.autopilot/db/accelerator.pp.0.cpp</string>
  <key>diagnostics</key>
  <array>
    <dict>
      <key>level</key>
      <string>warning</string>
      <key>filename</key>
      <string>./approx_mac.h</string>
      <key>line</key>
      <integer>8</integer>
      <key>column</key>
      <integer>9</integer>
      <key>message</key>
      <string>HLS pragma dump _XLX_SEP_ PragmaIsValid=1_XLX_SEP_ PragmaType=bind_op_XLX_SEP_ PragmaContext=_XLX_SEP_ PragmaFunction=mac_int8_XLX_SEP_ PragmaOptions=variable=a op=mul impl=dsp_XLX_SEP_</string>
      <key>ID</key>
      <integer>5471</integer>
      <key>WarningOption</key>
      <string>dump-hls-pragmas</string>
    </dict>
    <dict>
      <key>level</key>
      <string>warning</string>
      <key>filename</key>
      <string>./approx_mac.h</string>
      <key>line</key>
      <integer>14</integer>
      <key>column</key>
      <integer>9</integer>
      <key>message</key>
      <string>HLS pragma dump _XLX_SEP_ PragmaIsValid=1_XLX_SEP_ PragmaType=inline_XLX_SEP_ PragmaContext=_XLX_SEP_ PragmaFunction=approx_mul6_XLX_SEP_ PragmaOptions=_XLX_SEP_</string>
      <key>ID</key>
      <integer>5471</integer>
      <key>WarningOption</key>
      <string>dump-hls-pragmas</string>
    </dict>
    <dict>
      <key>level</key>
      <string>warning</string>
      <key>filename</key>
      <string>./approx_mac.h</string>
      <key>line</key>
      <integer>22</integer>
      <key>column</key>
      <integer>9</integer>
      <key>message</key>
      <string>HLS pragma dump _XLX_SEP_ PragmaIsValid=1_XLX_SEP_ PragmaType=inline_XLX_SEP_ PragmaContext=_XLX_SEP_ PragmaFunction=mac_int6_XLX_SEP_ PragmaOptions=_XLX_SEP_</string>
      <key>ID</key>
      <integer>5471</integer>
      <key>WarningOption</key>
      <string>dump-hls-pragmas</string>
    </dict>
    <dict>
      <key>level</key>
      <string>warning</string>
      <key>filename</key>
      <string>./approx_mac.h</string>
      <key>line</key>
      <integer>31</integer>
      <key>column</key>
      <integer>9</integer>
      <key>message</key>
      <string>HLS pragma dump _XLX_SEP_ PragmaIsValid=1_XLX_SEP_ PragmaType=inline_XLX_SEP_ PragmaContext=_XLX_SEP_ PragmaFunction=mac_int4_pack_XLX_SEP_ PragmaOptions=_XLX_SEP_</string>
      <key>ID</key>
      <integer>5471</integer>
      <key>WarningOption</key>
      <string>dump-hls-pragmas</string>
    </dict>
    <dict>
      <key>level</key>
      <string>warning</string>
      <key>filename</key>
      <string>./approx_mac.h</string>
      <key>line</key>
      <integer>36</integer>
      <key>column</key>
      <integer>9</integer>
      <key>message</key>
      <string>HLS pragma dump _XLX_SEP_ PragmaIsValid=1_XLX_SEP_ PragmaType=bind_op_XLX_SEP_ PragmaContext=_XLX_SEP_ PragmaFunction=mac_int4_pack_XLX_SEP_ PragmaOptions=variable=A op=mul impl=dsp_XLX_SEP_</string>
      <key>ID</key>
      <integer>5471</integer>
      <key>WarningOption</key>
      <string>dump-hls-pragmas</string>
    </dict>
    <dict>
      <key>level</key>
      <string>warning</string>
      <key>filename</key>
      <string>./approx_mac.h</string>
      <key>line</key>
      <integer>51</integer>
      <key>column</key>
      <integer>9</integer>
      <key>message</key>
      <string>HLS pragma dump _XLX_SEP_ PragmaIsValid=1_XLX_SEP_ PragmaType=inline_XLX_SEP_ PragmaContext=_XLX_SEP_ PragmaFunction=mac_int2_pack_XLX_SEP_ PragmaOptions=_XLX_SEP_</string>
      <key>ID</key>
      <integer>5471</integer>
      <key>WarningOption</key>
      <string>dump-hls-pragmas</string>
    </dict>
    <dict>
      <key>level</key>
      <string>warning</string>
      <key>filename</key>
      <string>./approx_mac.h</string>
      <key>line</key>
      <integer>56</integer>
      <key>column</key>
      <integer>9</integer>
      <key>message</key>
      <string>HLS pragma dump _XLX_SEP_ PragmaIsValid=1_XLX_SEP_ PragmaType=bind_op_XLX_SEP_ PragmaContext=_XLX_SEP_ PragmaFunction=mac_int2_pack_XLX_SEP_ PragmaOptions=variable=A op=mul impl=dsp_XLX_SEP_</string>
      <key>ID</key>
      <integer>5471</integer>
      <key>WarningOption</key>
      <string>dump-hls-pragmas</string>
    </dict>
    <dict>
      <key>level</key>
      <string>warning</string>
      <key>filename</key>
      <string>./pe.h</string>
      <key>line</key>
      <integer>15</integer>
      <key>column</key>
      <integer>9</integer>
      <key>message</key>
      <string>HLS pragma dump _XLX_SEP_ PragmaIsValid=1_XLX_SEP_ PragmaType=inline_XLX_SEP_ PragmaContext=_XLX_SEP_ PragmaFunction=pe_compute_XLX_SEP_ PragmaOptions=_XLX_SEP_</string>
      <key>ID</key>
      <integer>5471</integer>
      <key>WarningOption</key>
      <string>dump-hls-pragmas</string>
    </dict>
    <dict>
      <key>level</key>
      <string>warning</string>
      <key>filename</key>
      <string>./systolic_array.h</string>
      <key>line</key>
      <integer>15</integer>
      <key>column</key>
      <integer>9</integer>
      <key>message</key>
      <string>HLS pragma dump _XLX_SEP_ PragmaIsValid=1_XLX_SEP_ PragmaType=array_partition_XLX_SEP_ PragmaContext=_XLX_SEP_ PragmaFunction=systolic_array_XLX_SEP_ PragmaOptions=variable=act complete_XLX_SEP_</string>
      <key>ID</key>
      <integer>5471</integer>
      <key>WarningOption</key>
      <string>dump-hls-pragmas</string>
    </dict>
    <dict>
      <key>level</key>
      <string>warning</string>
      <key>filename</key>
      <string>./systolic_array.h</string>
      <key>line</key>
      <integer>16</integer>
      <key>column</key>
      <integer>9</integer>
      <key>message</key>
      <string>HLS pragma dump _XLX_SEP_ PragmaIsValid=1_XLX_SEP_ PragmaType=array_partition_XLX_SEP_ PragmaContext=_XLX_SEP_ PragmaFunction=systolic_array_XLX_SEP_ PragmaOptions=variable=psum complete_XLX_SEP_</string>
      <key>ID</key>
      <integer>5471</integer>
      <key>WarningOption</key>
      <string>dump-hls-pragmas</string>
    </dict>
    <dict>
      <key>level</key>
      <string>warning</string>
      <key>filename</key>
      <string>./systolic_array.h</string>
      <key>line</key>
      <integer>19</integer>
      <key>column</key>
      <integer>9</integer>
      <key>message</key>
      <string>HLS pragma dump _XLX_SEP_ PragmaIsValid=1_XLX_SEP_ PragmaType=unroll_XLX_SEP_ PragmaContext=_XLX_SEP_ PragmaFunction=systolic_array_XLX_SEP_ PragmaOptions=_XLX_SEP_</string>
      <key>ID</key>
      <integer>5471</integer>
      <key>WarningOption</key>
      <string>dump-hls-pragmas</string>
    </dict>
    <dict>
      <key>level</key>
      <string>warning</string>
      <key>filename</key>
      <string>directive</string>
      <key>line</key>
      <integer>1</integer>
      <key>column</key>
      <integer>9</integer>
      <key>message</key>
      <string>HLS pragma dump _XLX_SEP_ PragmaIsValid=1_XLX_SEP_ PragmaType=top_XLX_SEP_ PragmaContext=directive_XLX_SEP_ PragmaFunction=cnn_accelerator_XLX_SEP_ PragmaOptions=name=cnn_accelerator_XLX_SEP_</string>
      <key>ID</key>
      <integer>5471</integer>
      <key>WarningOption</key>
      <string>dump-hls-pragmas</string>
    </dict>
    <dict>
      <key>level</key>
      <string>warning</string>
      <key>filename</key>
      <string>accelerator.cpp</string>
      <key>line</key>
      <integer>17</integer>
      <key>column</key>
      <integer>9</integer>
      <key>message</key>
      <string>HLS pragma dump _XLX_SEP_ PragmaIsValid=1_XLX_SEP_ PragmaType=interface_XLX_SEP_ PragmaContext=_XLX_SEP_ PragmaFunction=cnn_accelerator_XLX_SEP_ PragmaOptions=m_axi port=input bundle=gmem_XLX_SEP_</string>
      <key>ID</key>
      <integer>5471</integer>
      <key>WarningOption</key>
      <string>dump-hls-pragmas</string>
    </dict>
    <dict>
      <key>level</key>
      <string>warning</string>
      <key>filename</key>
      <string>accelerator.cpp</string>
      <key>line</key>
      <integer>18</integer>
      <key>column</key>
      <integer>9</integer>
      <key>message</key>
      <string>HLS pragma dump _XLX_SEP_ PragmaIsValid=1_XLX_SEP_ PragmaType=interface_XLX_SEP_ PragmaContext=_XLX_SEP_ PragmaFunction=cnn_accelerator_XLX_SEP_ PragmaOptions=m_axi port=weights8 bundle=gmem_XLX_SEP_</string>
      <key>ID</key>
      <integer>5471</integer>
      <key>WarningOption</key>
      <string>dump-hls-pragmas</string>
    </dict>
    <dict>
      <key>level</key>
      <string>warning</string>
      <key>filename</key>
      <string>accelerator.cpp</string>
      <key>line</key>
      <integer>19</integer>
      <key>column</key>
      <integer>9</integer>
      <key>message</key>
      <string>HLS pragma dump _XLX_SEP_ PragmaIsValid=1_XLX_SEP_ PragmaType=interface_XLX_SEP_ PragmaContext=_XLX_SEP_ PragmaFunction=cnn_accelerator_XLX_SEP_ PragmaOptions=m_axi port=weights6 bundle=gmem_XLX_SEP_</string>
      <key>ID</key>
      <integer>5471</integer>
      <key>WarningOption</key>
      <string>dump-hls-pragmas</string>
    </dict>
    <dict>
      <key>level</key>
      <string>warning</string>
      <key>filename</key>
      <string>accelerator.cpp</string>
      <key>line</key>
      <integer>20</integer>
      <key>column</key>
      <integer>9</integer>
      <key>message</key>
      <string>HLS pragma dump _XLX_SEP_ PragmaIsValid=1_XLX_SEP_ PragmaType=interface_XLX_SEP_ PragmaContext=_XLX_SEP_ PragmaFunction=cnn_accelerator_XLX_SEP_ PragmaOptions=m_axi port=weights4 bundle=gmem_XLX_SEP_</string>
      <key>ID</key>
      <integer>5471</integer>
      <key>WarningOption</key>
      <string>dump-hls-pragmas</string>
    </dict>
    <dict>
      <key>level</key>
      <string>warning</string>
      <key>filename</key>
      <string>accelerator.cpp</string>
      <key>line</key>
      <integer>21</integer>
      <key>column</key>
      <integer>9</integer>
      <key>message</key>
      <string>HLS pragma dump _XLX_SEP_ PragmaIsValid=1_XLX_SEP_ PragmaType=interface_XLX_SEP_ PragmaContext=_XLX_SEP_ PragmaFunction=cnn_accelerator_XLX_SEP_ PragmaOptions=m_axi port=weights2 bundle=gmem_XLX_SEP_</string>
      <key>ID</key>
      <integer>5471</integer>
      <key>WarningOption</key>
      <string>dump-hls-pragmas</string>
    </dict>
    <dict>
      <key>level</key>
      <string>warning</string>
      <key>filename</key>
      <string>accelerator.cpp</string>
      <key>line</key>
      <integer>22</integer>
      <key>column</key>
      <integer>9</integer>
      <key>message</key>
      <string>HLS pragma dump _XLX_SEP_ PragmaIsValid=1_XLX_SEP_ PragmaType=interface_XLX_SEP_ PragmaContext=_XLX_SEP_ PragmaFunction=cnn_accelerator_XLX_SEP_ PragmaOptions=m_axi port=output bundle=gmem_XLX_SEP_</string>
      <key>ID</key>
      <integer>5471</integer>
      <key>WarningOption</key>
      <string>dump-hls-pragmas</string>
    </dict>
    <dict>
      <key>level</key>
      <string>warning</string>
      <key>filename</key>
      <string>accelerator.cpp</string>
      <key>line</key>
      <integer>24</integer>
      <key>column</key>
      <integer>9</integer>
      <key>message</key>
      <string>HLS pragma dump _XLX_SEP_ PragmaIsValid=1_XLX_SEP_ PragmaType=interface_XLX_SEP_ PragmaContext=_XLX_SEP_ PragmaFunction=cnn_accelerator_XLX_SEP_ PragmaOptions=s_axilite port=precision_XLX_SEP_</string>
      <key>ID</key>
      <integer>5471</integer>
      <key>WarningOption</key>
      <string>dump-hls-pragmas</string>
    </dict>
    <dict>
      <key>level</key>
      <string>warning</string>
      <key>filename</key>
      <string>accelerator.cpp</string>
      <key>line</key>
      <integer>25</integer>
      <key>column</key>
      <integer>9</integer>
      <key>message</key>
      <string>HLS pragma dump _XLX_SEP_ PragmaIsValid=1_XLX_SEP_ PragmaType=interface_XLX_SEP_ PragmaContext=_XLX_SEP_ PragmaFunction=cnn_accelerator_XLX_SEP_ PragmaOptions=s_axilite port=Cin_XLX_SEP_</string>
      <key>ID</key>
      <integer>5471</integer>
      <key>WarningOption</key>
      <string>dump-hls-pragmas</string>
    </dict>
    <dict>
      <key>level</key>
      <string>warning</string>
      <key>filename</key>
      <string>accelerator.cpp</string>
      <key>line</key>
      <integer>26</integer>
      <key>column</key>
      <integer>9</integer>
      <key>message</key>
      <string>HLS pragma dump _XLX_SEP_ PragmaIsValid=1_XLX_SEP_ PragmaType=interface_XLX_SEP_ PragmaContext=_XLX_SEP_ PragmaFunction=cnn_accelerator_XLX_SEP_ PragmaOptions=s_axilite port=Cout_XLX_SEP_</string>
      <key>ID</key>
      <integer>5471</integer>
      <key>WarningOption</key>
      <string>dump-hls-pragmas</string>
    </dict>
    <dict>
      <key>level</key>
      <string>warning</string>
      <key>filename</key>
      <string>accelerator.cpp</string>
      <key>line</key>
      <integer>27</integer>
      <key>column</key>
      <integer>9</integer>
      <key>message</key>
      <string>HLS pragma dump _XLX_SEP_ PragmaIsValid=1_XLX_SEP_ PragmaType=interface_XLX_SEP_ PragmaContext=_XLX_SEP_ PragmaFunction=cnn_accelerator_XLX_SEP_ PragmaOptions=s_axilite port=H_XLX_SEP_</string>
      <key>ID</key>
      <integer>5471</integer>
      <key>WarningOption</key>
      <string>dump-hls-pragmas</string>
    </dict>
    <dict>
      <key>level</key>
      <string>warning</string>
      <key>filename</key>
      <string>accelerator.cpp</string>
      <key>line</key>
      <integer>28</integer>
      <key>column</key>
      <integer>9</integer>
      <key>message</key>
      <string>HLS pragma dump _XLX_SEP_ PragmaIsValid=1_XLX_SEP_ PragmaType=interface_XLX_SEP_ PragmaContext=_XLX_SEP_ PragmaFunction=cnn_accelerator_XLX_SEP_ PragmaOptions=s_axilite port=W_XLX_SEP_</string>
      <key>ID</key>
      <integer>5471</integer>
      <key>WarningOption</key>
      <string>dump-hls-pragmas</string>
    </dict>
    <dict>
      <key>level</key>
      <string>warning</string>
      <key>filename</key>
      <string>accelerator.cpp</string>
      <key>line</key>
      <integer>29</integer>
      <key>column</key>
      <integer>9</integer>
      <key>message</key>
      <string>HLS pragma dump _XLX_SEP_ PragmaIsValid=1_XLX_SEP_ PragmaType=interface_XLX_SEP_ PragmaContext=_XLX_SEP_ PragmaFunction=cnn_accelerator_XLX_SEP_ PragmaOptions=s_axilite port=return_XLX_SEP_</string>
      <key>ID</key>
      <integer>5471</integer>
      <key>WarningOption</key>
      <string>dump-hls-pragmas</string>
    </dict>
    <dict>
      <key>level</key>
      <string>warning</string>
      <key>filename</key>
      <string>accelerator.cpp</string>
      <key>line</key>
      <integer>35</integer>
      <key>column</key>
      <integer>9</integer>
      <key>message</key>
      <string>HLS pragma dump _XLX_SEP_ PragmaIsValid=1_XLX_SEP_ PragmaType=bind_storage_XLX_SEP_ PragmaContext=_XLX_SEP_ PragmaFunction=cnn_accelerator_XLX_SEP_ PragmaOptions=variable=in_buf type=ram_2p impl=bram_XLX_SEP_</string>
      <key>ID</key>
      <integer>5471</integer>
      <key>WarningOption</key>
      <string>dump-hls-pragmas</string>
    </dict>
    <dict>
      <key>level</key>
      <string>warning</string>
      <key>filename</key>
      <string>accelerator.cpp</string>
      <key>line</key>
      <integer>36</integer>
      <key>column</key>
      <integer>9</integer>
      <key>message</key>
      <string>HLS pragma dump _XLX_SEP_ PragmaIsValid=1_XLX_SEP_ PragmaType=bind_storage_XLX_SEP_ PragmaContext=_XLX_SEP_ PragmaFunction=cnn_accelerator_XLX_SEP_ PragmaOptions=variable=out_buf type=ram_2p impl=bram_XLX_SEP_</string>
      <key>ID</key>
      <integer>5471</integer>
      <key>WarningOption</key>
      <string>dump-hls-pragmas</string>
    </dict>
    <dict>
      <key>level</key>
      <string>warning</string>
      <key>filename</key>
      <string>accelerator.cpp</string>
      <key>line</key>
      <integer>42</integer>
      <key>column</key>
      <integer>9</integer>
      <key>message</key>
      <string>HLS pragma dump _XLX_SEP_ PragmaIsValid=1_XLX_SEP_ PragmaType=pipeline_XLX_SEP_ PragmaContext=_XLX_SEP_ PragmaFunction=cnn_accelerator_XLX_SEP_ PragmaOptions=II=1_XLX_SEP_</string>
      <key>ID</key>
      <integer>5471</integer>
      <key>WarningOption</key>
      <string>dump-hls-pragmas</string>
    </dict>
    <dict>
      <key>level</key>
      <string>warning</string>
      <key>filename</key>
      <string>accelerator.cpp</string>
      <key>line</key>
      <integer>55</integer>
      <key>column</key>
      <integer>9</integer>
      <key>message</key>
      <string>HLS pragma dump _XLX_SEP_ PragmaIsValid=1_XLX_SEP_ PragmaType=array_partition_XLX_SEP_ PragmaContext=_XLX_SEP_ PragmaFunction=cnn_accelerator_XLX_SEP_ PragmaOptions=variable=act complete_XLX_SEP_</string>
      <key>ID</key>
      <integer>5471</integer>
      <key>WarningOption</key>
      <string>dump-hls-pragmas</string>
    </dict>
    <dict>
      <key>level</key>
      <string>warning</string>
      <key>filename</key>
      <string>accelerator.cpp</string>
      <key>line</key>
      <integer>56</integer>
      <key>column</key>
      <integer>9</integer>
      <key>message</key>
      <string>HLS pragma dump _XLX_SEP_ PragmaIsValid=1_XLX_SEP_ PragmaType=array_partition_XLX_SEP_ PragmaContext=_XLX_SEP_ PragmaFunction=cnn_accelerator_XLX_SEP_ PragmaOptions=variable=partial complete_XLX_SEP_</string>
      <key>ID</key>
      <integer>5471</integer>
      <key>WarningOption</key>
      <string>dump-hls-pragmas</string>
    </dict>
    <dict>
      <key>level</key>
      <string>warning</string>
      <key>filename</key>
      <string>accelerator.cpp</string>
      <key>line</key>
      <integer>59</integer>
      <key>column</key>
      <integer>9</integer>
      <key>message</key>
      <string>HLS pragma dump _XLX_SEP_ PragmaIsValid=1_XLX_SEP_ PragmaType=unroll_XLX_SEP_ PragmaContext=_XLX_SEP_ PragmaFunction=cnn_accelerator_XLX_SEP_ PragmaOptions=_XLX_SEP_</string>
      <key>ID</key>
      <integer>5471</integer>
      <key>WarningOption</key>
      <string>dump-hls-pragmas</string>
    </dict>
    <dict>
      <key>level</key>
      <string>warning</string>
      <key>filename</key>
      <string>./approx_mac.h</string>
      <key>line</key>
      <integer>8</integer>
      <key>column</key>
      <integer>9</integer>
      <key>message</key>
      <string>Unknown pragma bind_op variable value &apos;a&apos;, please check that the variable exists in the same scope as the pragma.</string>
      <key>ID</key>
      <integer>5579</integer>
    </dict>
  </array>
</dict>
