<xilinx:hls_fe_msgs>
    <msg msg_groups="" msg_id="207-5579" msg_severity="WARNING" msg_loc="./approx_mac.h:8:9" msg_body="Unknown pragma bind_op variable value 'a', please check that the variable exists in the same scope as the pragma.">
        <args/>
    </msg>
    <msg msg_groups="PRAGMA_VERBOSE_DUMP" msg_id="207-5471" msg_severity="WARNING" msg_loc="./approx_mac.h:8:9" msg_body="HLS pragma dump">
        <args ARG_PragmaFunction="mac_int8" ARG_PragmaIsValid="1" ARG_PragmaOptions="variable=a op=mul impl=dsp" ARG_PragmaType="bind_op" ClangWarningOption="dump-hls-pragmas"/>
    </msg>
    <msg msg_groups="PRAGMA_VERBOSE_DUMP" msg_id="207-5471" msg_severity="WARNING" msg_loc="./approx_mac.h:14:9" msg_body="HLS pragma dump">
        <args ARG_PragmaFunction="approx_mul6" ARG_PragmaIsValid="1" ARG_PragmaType="inline" ClangWarningOption="dump-hls-pragmas"/>
    </msg>
    <msg msg_groups="PRAGMA_VERBOSE_DUMP" msg_id="207-5471" msg_severity="WARNING" msg_loc="./approx_mac.h:22:9" msg_body="HLS pragma dump">
        <args ARG_PragmaFunction="mac_int6" ARG_PragmaIsValid="1" ARG_PragmaType="inline" ClangWarningOption="dump-hls-pragmas"/>
    </msg>
    <msg msg_groups="PRAGMA_VERBOSE_DUMP" msg_id="207-5471" msg_severity="WARNING" msg_loc="./approx_mac.h:31:9" msg_body="HLS pragma dump">
        <args ARG_PragmaFunction="mac_int4_pack" ARG_PragmaIsValid="1" ARG_PragmaType="inline" ClangWarningOption="dump-hls-pragmas"/>
    </msg>
    <msg msg_groups="PRAGMA_VERBOSE_DUMP" msg_id="207-5471" msg_severity="WARNING" msg_loc="./approx_mac.h:36:9" msg_body="HLS pragma dump">
        <args ARG_PragmaFunction="mac_int4_pack" ARG_PragmaIsValid="1" ARG_PragmaOptions="variable=A op=mul impl=dsp" ARG_PragmaType="bind_op" ClangWarningOption="dump-hls-pragmas"/>
    </msg>
    <msg msg_groups="PRAGMA_VERBOSE_DUMP" msg_id="207-5471" msg_severity="WARNING" msg_loc="./approx_mac.h:51:9" msg_body="HLS pragma dump">
        <args ARG_PragmaFunction="mac_int2_pack" ARG_PragmaIsValid="1" ARG_PragmaType="inline" ClangWarningOption="dump-hls-pragmas"/>
    </msg>
    <msg msg_groups="PRAGMA_VERBOSE_DUMP" msg_id="207-5471" msg_severity="WARNING" msg_loc="./approx_mac.h:56:9" msg_body="HLS pragma dump">
        <args ARG_PragmaFunction="mac_int2_pack" ARG_PragmaIsValid="1" ARG_PragmaOptions="variable=A op=mul impl=dsp" ARG_PragmaType="bind_op" ClangWarningOption="dump-hls-pragmas"/>
    </msg>
    <msg msg_groups="PRAGMA_VERBOSE_DUMP" msg_id="207-5471" msg_severity="WARNING" msg_loc="./pe.h:15:9" msg_body="HLS pragma dump">
        <args ARG_PragmaFunction="pe_compute" ARG_PragmaIsValid="1" ARG_PragmaType="inline" ClangWarningOption="dump-hls-pragmas"/>
    </msg>
    <msg msg_groups="PRAGMA_VERBOSE_DUMP" msg_id="207-5471" msg_severity="WARNING" msg_loc="./systolic_array.h:15:9" msg_body="HLS pragma dump">
        <args ARG_PragmaFunction="systolic_array" ARG_PragmaIsValid="1" ARG_PragmaOptions="variable=act complete" ARG_PragmaType="array_partition" ClangWarningOption="dump-hls-pragmas"/>
    </msg>
    <msg msg_groups="PRAGMA_VERBOSE_DUMP" msg_id="207-5471" msg_severity="WARNING" msg_loc="./systolic_array.h:16:9" msg_body="HLS pragma dump">
        <args ARG_PragmaFunction="systolic_array" ARG_PragmaIsValid="1" ARG_PragmaOptions="variable=psum complete" ARG_PragmaType="array_partition" ClangWarningOption="dump-hls-pragmas"/>
    </msg>
    <msg msg_groups="PRAGMA_VERBOSE_DUMP" msg_id="207-5471" msg_severity="WARNING" msg_loc="./systolic_array.h:19:9" msg_body="HLS pragma dump">
        <args ARG_PragmaFunction="systolic_array" ARG_PragmaIsValid="1" ARG_PragmaType="unroll" ClangWarningOption="dump-hls-pragmas"/>
    </msg>
    <msg msg_groups="PRAGMA_VERBOSE_DUMP" msg_id="207-5471" msg_severity="WARNING" msg_loc="directive:1:9" msg_body="HLS pragma dump">
        <args ARG_PragmaContext="directive" ARG_PragmaFunction="cnn_accelerator" ARG_PragmaIsValid="1" ARG_PragmaOptions="name=cnn_accelerator" ARG_PragmaType="top" ClangWarningOption="dump-hls-pragmas"/>
    </msg>
    <msg msg_groups="PRAGMA_VERBOSE_DUMP" msg_id="207-5471" msg_severity="WARNING" msg_loc="accelerator.cpp:17:9" msg_body="HLS pragma dump">
        <args ARG_PragmaFunction="cnn_accelerator" ARG_PragmaIsValid="1" ARG_PragmaOptions="m_axi port=input bundle=gmem" ARG_PragmaType="interface" ClangWarningOption="dump-hls-pragmas"/>
    </msg>
    <msg msg_groups="PRAGMA_VERBOSE_DUMP" msg_id="207-5471" msg_severity="WARNING" msg_loc="accelerator.cpp:18:9" msg_body="HLS pragma dump">
        <args ARG_PragmaFunction="cnn_accelerator" ARG_PragmaIsValid="1" ARG_PragmaOptions="m_axi port=weights8 bundle=gmem" ARG_PragmaType="interface" ClangWarningOption="dump-hls-pragmas"/>
    </msg>
    <msg msg_groups="PRAGMA_VERBOSE_DUMP" msg_id="207-5471" msg_severity="WARNING" msg_loc="accelerator.cpp:19:9" msg_body="HLS pragma dump">
        <args ARG_PragmaFunction="cnn_accelerator" ARG_PragmaIsValid="1" ARG_PragmaOptions="m_axi port=weights6 bundle=gmem" ARG_PragmaType="interface" ClangWarningOption="dump-hls-pragmas"/>
    </msg>
    <msg msg_groups="PRAGMA_VERBOSE_DUMP" msg_id="207-5471" msg_severity="WARNING" msg_loc="accelerator.cpp:20:9" msg_body="HLS pragma dump">
        <args ARG_PragmaFunction="cnn_accelerator" ARG_PragmaIsValid="1" ARG_PragmaOptions="m_axi port=weights4 bundle=gmem" ARG_PragmaType="interface" ClangWarningOption="dump-hls-pragmas"/>
    </msg>
    <msg msg_groups="PRAGMA_VERBOSE_DUMP" msg_id="207-5471" msg_severity="WARNING" msg_loc="accelerator.cpp:21:9" msg_body="HLS pragma dump">
        <args ARG_PragmaFunction="cnn_accelerator" ARG_PragmaIsValid="1" ARG_PragmaOptions="m_axi port=weights2 bundle=gmem" ARG_PragmaType="interface" ClangWarningOption="dump-hls-pragmas"/>
    </msg>
    <msg msg_groups="PRAGMA_VERBOSE_DUMP" msg_id="207-5471" msg_severity="WARNING" msg_loc="accelerator.cpp:22:9" msg_body="HLS pragma dump">
        <args ARG_PragmaFunction="cnn_accelerator" ARG_PragmaIsValid="1" ARG_PragmaOptions="m_axi port=output bundle=gmem" ARG_PragmaType="interface" ClangWarningOption="dump-hls-pragmas"/>
    </msg>
    <msg msg_groups="PRAGMA_VERBOSE_DUMP" msg_id="207-5471" msg_severity="WARNING" msg_loc="accelerator.cpp:24:9" msg_body="HLS pragma dump">
        <args ARG_PragmaFunction="cnn_accelerator" ARG_PragmaIsValid="1" ARG_PragmaOptions="s_axilite port=precision" ARG_PragmaType="interface" ClangWarningOption="dump-hls-pragmas"/>
    </msg>
    <msg msg_groups="PRAGMA_VERBOSE_DUMP" msg_id="207-5471" msg_severity="WARNING" msg_loc="accelerator.cpp:25:9" msg_body="HLS pragma dump">
        <args ARG_PragmaFunction="cnn_accelerator" ARG_PragmaIsValid="1" ARG_PragmaOptions="s_axilite port=Cin" ARG_PragmaType="interface" ClangWarningOption="dump-hls-pragmas"/>
    </msg>
    <msg msg_groups="PRAGMA_VERBOSE_DUMP" msg_id="207-5471" msg_severity="WARNING" msg_loc="accelerator.cpp:26:9" msg_body="HLS pragma dump">
        <args ARG_PragmaFunction="cnn_accelerator" ARG_PragmaIsValid="1" ARG_PragmaOptions="s_axilite port=Cout" ARG_PragmaType="interface" ClangWarningOption="dump-hls-pragmas"/>
    </msg>
    <msg msg_groups="PRAGMA_VERBOSE_DUMP" msg_id="207-5471" msg_severity="WARNING" msg_loc="accelerator.cpp:27:9" msg_body="HLS pragma dump">
        <args ARG_PragmaFunction="cnn_accelerator" ARG_PragmaIsValid="1" ARG_PragmaOptions="s_axilite port=H" ARG_PragmaType="interface" ClangWarningOption="dump-hls-pragmas"/>
    </msg>
    <msg msg_groups="PRAGMA_VERBOSE_DUMP" msg_id="207-5471" msg_severity="WARNING" msg_loc="accelerator.cpp:28:9" msg_body="HLS pragma dump">
        <args ARG_PragmaFunction="cnn_accelerator" ARG_PragmaIsValid="1" ARG_PragmaOptions="s_axilite port=W" ARG_PragmaType="interface" ClangWarningOption="dump-hls-pragmas"/>
    </msg>
    <msg msg_groups="PRAGMA_VERBOSE_DUMP" msg_id="207-5471" msg_severity="WARNING" msg_loc="accelerator.cpp:29:9" msg_body="HLS pragma dump">
        <args ARG_PragmaFunction="cnn_accelerator" ARG_PragmaIsValid="1" ARG_PragmaOptions="s_axilite port=return" ARG_PragmaType="interface" ClangWarningOption="dump-hls-pragmas"/>
    </msg>
    <msg msg_groups="PRAGMA_VERBOSE_DUMP" msg_id="207-5471" msg_severity="WARNING" msg_loc="accelerator.cpp:35:9" msg_body="HLS pragma dump">
        <args ARG_PragmaFunction="cnn_accelerator" ARG_PragmaIsValid="1" ARG_PragmaOptions="variable=in_buf type=ram_2p impl=bram" ARG_PragmaType="bind_storage" ClangWarningOption="dump-hls-pragmas"/>
    </msg>
    <msg msg_groups="PRAGMA_VERBOSE_DUMP" msg_id="207-5471" msg_severity="WARNING" msg_loc="accelerator.cpp:36:9" msg_body="HLS pragma dump">
        <args ARG_PragmaFunction="cnn_accelerator" ARG_PragmaIsValid="1" ARG_PragmaOptions="variable=out_buf type=ram_2p impl=bram" ARG_PragmaType="bind_storage" ClangWarningOption="dump-hls-pragmas"/>
    </msg>
    <msg msg_groups="PRAGMA_VERBOSE_DUMP" msg_id="207-5471" msg_severity="WARNING" msg_loc="accelerator.cpp:42:9" msg_body="HLS pragma dump">
        <args ARG_PragmaFunction="cnn_accelerator" ARG_PragmaIsValid="1" ARG_PragmaOptions="II=1" ARG_PragmaType="pipeline" ClangWarningOption="dump-hls-pragmas"/>
    </msg>
    <msg msg_groups="PRAGMA_VERBOSE_DUMP" msg_id="207-5471" msg_severity="WARNING" msg_loc="accelerator.cpp:55:9" msg_body="HLS pragma dump">
        <args ARG_PragmaFunction="cnn_accelerator" ARG_PragmaIsValid="1" ARG_PragmaOptions="variable=act complete" ARG_PragmaType="array_partition" ClangWarningOption="dump-hls-pragmas"/>
    </msg>
    <msg msg_groups="PRAGMA_VERBOSE_DUMP" msg_id="207-5471" msg_severity="WARNING" msg_loc="accelerator.cpp:56:9" msg_body="HLS pragma dump">
        <args ARG_PragmaFunction="cnn_accelerator" ARG_PragmaIsValid="1" ARG_PragmaOptions="variable=partial complete" ARG_PragmaType="array_partition" ClangWarningOption="dump-hls-pragmas"/>
    </msg>
    <msg msg_groups="PRAGMA_VERBOSE_DUMP" msg_id="207-5471" msg_severity="WARNING" msg_loc="accelerator.cpp:59:9" msg_body="HLS pragma dump">
        <args ARG_PragmaFunction="cnn_accelerator" ARG_PragmaIsValid="1" ARG_PragmaType="unroll" ClangWarningOption="dump-hls-pragmas"/>
    </msg>
    <msg msg_groups="CODE_UNSUPPORTED" msg_id="214-131" msg_severity="INFO" msg_loc="./approx_mac.h:23:15" msg_body="Inlining function 'approx_mul6(ap_int&lt;6&gt;, ap_int&lt;6&gt;)' into 'mac_int6(ap_int&lt;6&gt;, ap_int&lt;6&gt;, ap_int&lt;32&gt;)'">
        <args Callee="approx_mul6(ap_int&lt;6&gt;, ap_int&lt;6&gt;)" Callee-DebugLoc="File ./approx_mac.h Line 13 Column 0" Caller="mac_int6(ap_int&lt;6&gt;, ap_int&lt;6&gt;, ap_int&lt;32&gt;)" Caller-DebugLoc="File ./approx_mac.h Line 21 Column 0"/>
    </msg>
    <msg msg_groups="CODE_UNSUPPORTED" msg_id="214-131" msg_severity="INFO" msg_loc="./pe.h:21:24" msg_body="Inlining function 'mac_int2_pack(ap_int&lt;2&gt;, ap_int&lt;2&gt;, ap_int&lt;2&gt;, ap_int&lt;2&gt;, ap_int&lt;2&gt;, ap_int&lt;2&gt;, ap_int&lt;2&gt;, ap_int&lt;2&gt;, ap_int&lt;32&gt;)' into 'pe_compute(ap_int&lt;8&gt;, ap_int&lt;8&gt;, ap_int&lt;6&gt;, ap_int&lt;4&gt;, ap_int&lt;2&gt;, ap_int&lt;32&gt;, int)'">
        <args Callee="mac_int2_pack(ap_int&lt;2&gt;, ap_int&lt;2&gt;, ap_int&lt;2&gt;, ap_int&lt;2&gt;, ap_int&lt;2&gt;, ap_int&lt;2&gt;, ap_int&lt;2&gt;, ap_int&lt;2&gt;, ap_int&lt;32&gt;)" Callee-DebugLoc="File ./approx_mac.h Line 50 Column 0" Caller="pe_compute(ap_int&lt;8&gt;, ap_int&lt;8&gt;, ap_int&lt;6&gt;, ap_int&lt;4&gt;, ap_int&lt;2&gt;, ap_int&lt;32&gt;, int)" Caller-DebugLoc="File ./pe.h Line 14 Column 0"/>
    </msg>
    <msg msg_groups="CODE_UNSUPPORTED" msg_id="214-131" msg_severity="INFO" msg_loc="./pe.h:20:24" msg_body="Inlining function 'mac_int4_pack(ap_int&lt;4&gt;, ap_int&lt;4&gt;, ap_int&lt;4&gt;, ap_int&lt;4&gt;, ap_int&lt;32&gt;)' into 'pe_compute(ap_int&lt;8&gt;, ap_int&lt;8&gt;, ap_int&lt;6&gt;, ap_int&lt;4&gt;, ap_int&lt;2&gt;, ap_int&lt;32&gt;, int)'">
        <args Callee="mac_int4_pack(ap_int&lt;4&gt;, ap_int&lt;4&gt;, ap_int&lt;4&gt;, ap_int&lt;4&gt;, ap_int&lt;32&gt;)" Callee-DebugLoc="File ./approx_mac.h Line 30 Column 0" Caller="pe_compute(ap_int&lt;8&gt;, ap_int&lt;8&gt;, ap_int&lt;6&gt;, ap_int&lt;4&gt;, ap_int&lt;2&gt;, ap_int&lt;32&gt;, int)" Caller-DebugLoc="File ./pe.h Line 14 Column 0"/>
    </msg>
    <msg msg_groups="CODE_UNSUPPORTED" msg_id="214-131" msg_severity="INFO" msg_loc="./pe.h:19:24" msg_body="Inlining function 'mac_int6(ap_int&lt;6&gt;, ap_int&lt;6&gt;, ap_int&lt;32&gt;)' into 'pe_compute(ap_int&lt;8&gt;, ap_int&lt;8&gt;, ap_int&lt;6&gt;, ap_int&lt;4&gt;, ap_int&lt;2&gt;, ap_int&lt;32&gt;, int)'">
        <args Callee="mac_int6(ap_int&lt;6&gt;, ap_int&lt;6&gt;, ap_int&lt;32&gt;)" Callee-DebugLoc="File ./approx_mac.h Line 21 Column 0" Caller="pe_compute(ap_int&lt;8&gt;, ap_int&lt;8&gt;, ap_int&lt;6&gt;, ap_int&lt;4&gt;, ap_int&lt;2&gt;, ap_int&lt;32&gt;, int)" Caller-DebugLoc="File ./pe.h Line 14 Column 0"/>
    </msg>
    <msg msg_groups="CODE_UNSUPPORTED" msg_id="214-131" msg_severity="INFO" msg_loc="./systolic_array.h:20:12" msg_body="Inlining function 'pe_compute(ap_int&lt;8&gt;, ap_int&lt;8&gt;, ap_int&lt;6&gt;, ap_int&lt;4&gt;, ap_int&lt;2&gt;, ap_int&lt;32&gt;, int)' into 'systolic_array(ap_int&lt;8&gt;*, ap_int&lt;8&gt;*, ap_int&lt;6&gt;*, ap_int&lt;4&gt;*, ap_int&lt;2&gt;*, ap_int&lt;32&gt;*, int)'">
        <args Callee="pe_compute(ap_int&lt;8&gt;, ap_int&lt;8&gt;, ap_int&lt;6&gt;, ap_int&lt;4&gt;, ap_int&lt;2&gt;, ap_int&lt;32&gt;, int)" Callee-DebugLoc="File ./pe.h Line 14 Column 0" Caller="systolic_array(ap_int&lt;8&gt;*, ap_int&lt;8&gt;*, ap_int&lt;6&gt;*, ap_int&lt;4&gt;*, ap_int&lt;2&gt;*, ap_int&lt;32&gt;*, int)" Caller-DebugLoc="File ./systolic_array.h Line 14 Column 0"/>
    </msg>
    <msg msg_groups="PRAGMA_UNROLL" msg_id="214-291" msg_severity="INFO" msg_loc="accelerator.cpp:46:26" msg_body="Loop 'VITIS_LOOP_46_4' is marked as complete unroll implied by the pipeline pragma">
        <args LoopName="VITIS_LOOP_46_4"/>
    </msg>
    <msg msg_groups="PRAGMA_UNROLL" msg_id="214-291" msg_severity="INFO" msg_loc="accelerator.cpp:58:19" msg_body="Loop 'VITIS_LOOP_58_5' is marked as complete unroll implied by the pipeline pragma">
        <args LoopName="VITIS_LOOP_58_5"/>
    </msg>
    <msg msg_groups="PRAGMA_UNROLL" msg_id="214-291" msg_severity="INFO" msg_loc="accelerator.cpp:70:30" msg_body="Loop 'VITIS_LOOP_70_6' is marked as complete unroll implied by the pipeline pragma">
        <args LoopName="VITIS_LOOP_70_6"/>
    </msg>
    <msg msg_groups="PRAGMA_UNROLL" msg_id="214-291" msg_severity="INFO" msg_loc="./systolic_array.h:18:19" msg_body="Loop 'VITIS_LOOP_18_1' is marked as complete unroll implied by the pipeline pragma">
        <args LoopName="VITIS_LOOP_18_1"/>
    </msg>
    <msg msg_groups="PRAGMA_UNROLL" msg_id="214-186" msg_severity="INFO" msg_loc="accelerator.cpp:16:0" msg_body="Unrolling loop 'VITIS_LOOP_46_4' (accelerator.cpp:46:26) in function 'cnn_accelerator' completely with a factor of 2">
        <args Factor="2" LoopLoc="accelerator.cpp:46:26" LoopName="VITIS_LOOP_46_4"/>
    </msg>
    <msg msg_groups="PRAGMA_UNROLL" msg_id="214-186" msg_severity="INFO" msg_loc="accelerator.cpp:16:0" msg_body="Unrolling loop 'VITIS_LOOP_70_6' (accelerator.cpp:70:30) in function 'cnn_accelerator' completely with a factor of 8">
        <args Factor="8" LoopLoc="accelerator.cpp:70:30" LoopName="VITIS_LOOP_70_6"/>
    </msg>
    <msg msg_groups="PRAGMA_UNROLL" msg_id="214-186" msg_severity="INFO" msg_loc="accelerator.cpp:16:0" msg_body="Unrolling loop 'VITIS_LOOP_58_5' (accelerator.cpp:58:19) in function 'cnn_accelerator' completely with a factor of 8">
        <args Factor="8" LoopLoc="accelerator.cpp:58:19" LoopName="VITIS_LOOP_58_5"/>
    </msg>
    <msg msg_groups="PRAGMA_UNROLL" msg_id="214-186" msg_severity="INFO" msg_loc="./systolic_array.h:14:0" msg_body="Unrolling loop 'VITIS_LOOP_18_1' (./systolic_array.h:18:19) in function 'systolic_array' completely with a factor of 8">
        <args Factor="8" LoopLoc="./systolic_array.h:18:19" LoopName="VITIS_LOOP_18_1"/>
    </msg>
    <msg msg_groups="PRAGMA_INLINE" msg_id="214-178" msg_severity="INFO" msg_loc="./systolic_array.h:14:0" msg_body="Inlining function 'mac_int8(ap_int&lt;8&gt;, ap_int&lt;8&gt;, ap_int&lt;32&gt;)' into 'systolic_array(ap_int&lt;8&gt;*, ap_int&lt;8&gt;*, ap_int&lt;6&gt;*, ap_int&lt;4&gt;*, ap_int&lt;2&gt;*, ap_int&lt;32&gt;*, int)'">
        <args Callee="mac_int8(ap_int&lt;8&gt;, ap_int&lt;8&gt;, ap_int&lt;32&gt;)" Callee-DebugLoc="File ./approx_mac.h Line 7 Column 0" Caller="systolic_array(ap_int&lt;8&gt;*, ap_int&lt;8&gt;*, ap_int&lt;6&gt;*, ap_int&lt;4&gt;*, ap_int&lt;2&gt;*, ap_int&lt;32&gt;*, int)" Caller-DebugLoc="File ./systolic_array.h Line 14 Column 0"/>
    </msg>
    <msg msg_groups="AUTOMATION" msg_id="214-364" msg_severity="INFO" msg_loc="accelerator.cpp:68:13" msg_body="Automatically inlining function 'systolic_array(ap_int&lt;8&gt;*, ap_int&lt;8&gt;*, ap_int&lt;6&gt;*, ap_int&lt;4&gt;*, ap_int&lt;2&gt;*, ap_int&lt;32&gt;*, int)' to improve effectiveness of pipeline pragma in function 'cnn_accelerator(ap_int&lt;8&gt;*, ap_int&lt;8&gt;*, ap_int&lt;6&gt;*, ap_int&lt;4&gt;*, ap_int&lt;2&gt;*, ap_int&lt;32&gt;*, int, int, int, int, int)'">
        <args Callee="systolic_array(ap_int&lt;8&gt;*, ap_int&lt;8&gt;*, ap_int&lt;6&gt;*, ap_int&lt;4&gt;*, ap_int&lt;2&gt;*, ap_int&lt;32&gt;*, int)" Callee-DebugLoc="File ./systolic_array.h Line 14 Column 0" Caller="cnn_accelerator(ap_int&lt;8&gt;*, ap_int&lt;8&gt;*, ap_int&lt;6&gt;*, ap_int&lt;4&gt;*, ap_int&lt;2&gt;*, ap_int&lt;32&gt;*, int, int, int, int, int)" Caller-DebugLoc="File accelerator.cpp Line 16 Column 0"/>
    </msg>
    <msg msg_groups="AUTOMATION PRAGMA_MISC" msg_id="214-437" msg_severity="INFO" msg_loc="accelerator.cpp:39:19" msg_body="Automatically disabling loop flattening for loop 'VITIS_LOOP_39_1'.">
        <args LoopName="VITIS_LOOP_39_1"/>
    </msg>
    <msg msg_groups="AUTOMATION_VERBOSE_PASSED" msg_id="214-335" msg_severity="INFO" msg_loc="accelerator.cpp:39:19" msg_body="loop_flatten 0 1 cnn_accelerator accelerator.cpp:39:19VITIS_LOOP_39_1 accelerator.cpp:39:19">
        <args LoopLoc="accelerator.cpp:39:19" LoopLoc-DebugLoc="File accelerator.cpp Line 39 Column 19" LoopName="VITIS_LOOP_39_1" PragmaFunction="cnn_accelerator" PragmaIsAuto="1" PragmaOptions="0" PragmaSrcLoc="accelerator.cpp:39:19" PragmaSrcLoc-DebugLoc="File accelerator.cpp Line 39 Column 19" PragmaType="loop_flatten"/>
    </msg>
</xilinx:hls_fe_msgs>

